timestamp,Well ID,Flow (gpm),Discharge Pressure (psi),Suction Pressure (psi),Motor Power (hp),Pump Efficiency (%),Motor Speed (rpm)
06/01/2024 00:00,Well 1,253.9,75.49,25.0,19.51,57.3,1800
06/01/2024 01:00,Well 1,252.27,77.27,25.0,20.2,56.3,1800
06/01/2024 02:00,Well 1,251.09,76.76,25.0,20.22,55.59,1800
06/01/2024 03:00,Well 1,252.64,75.98,25.0,20.57,54.44,1800
06/01/2024 04:00,Well 1,247.2,78.31,25.0,20.55,54.95,1800
06/01/2024 05:00,Well 1,251.19,76.95,25.0,19.56,57.65,1800
06/01/2024 06:00,Well 1,252.69,76.89,25.0,20.13,56.31,1800
06/01/2024 07:00,Well 1,259.34,76.19,25.0,19.98,57.7,1800
06/01/2024 08:00,Well 1,254.07,73.2,25.0,20.16,53.81,1800
06/01/2024 09:00,Well 1,256.73,76.0,25.0,19.59,58.11,1800
06/01/2024 10:00,Well 1,246.18,74.74,25.0,19.41,55.29,1800
06/01/2024 11:00,Well 1,254.26,77.87,25.0,19.41,59.49,1800
06/01/2024 12:00,Well 1,244.23,74.11,25.0,19.88,53.13,1800
06/01/2024 13:00,Well 1,246.19,76.92,25.0,20.25,54.55,1800
06/01/2024 14:00,Well 1,253.59,73.78,25.0,20.56,53.08,1800
06/01/2024 15:00,Well 1,253.9,74.17,25.0,19.84,55.37,1800
06/01/2024 16:00,Well 1,251.56,72.42,25.0,19.89,53.43,1800
06/01/2024 17:00,Well 1,248.77,72.13,25.0,20.09,52.11,1800
06/01/2024 18:00,Well 1,257.53,73.1,25.0,20.57,53.39,1800
06/01/2024 19:00,Well 1,256.96,75.01,25.0,19.6,57.35,1800
06/01/2024 20:00,Well 1,254.6,75.72,25.0,19.94,56.39,1800
06/01/2024 21:00,Well 1,251.46,76.47,25.0,20.51,54.69,1800
06/01/2024 22:00,Well 1,244.25,75.07,25.0,20.14,53.1,1800
06/01/2024 23:00,Well 1,256.22,75.98,25.0,19.92,57.0,1800
06/02/2024 00:00,Well 1,253.34,74.95,25.0,19.81,55.91,1800
06/02/2024 01:00,Well 1,249.45,76.68,25.0,20.1,55.5,1800
06/02/2024 02:00,Well 1,257.38,71.75,25.0,19.68,54.74,1800
06/02/2024 03:00,Well 1,253.05,77.3,25.0,20.17,56.57,1800
06/02/2024 04:00,Well 1,254.17,76.46,25.0,19.18,59.11,1800
06/02/2024 05:00,Well 1,247.56,75.47,25.0,20.11,54.2,1800
06/02/2024 06:00,Well 1,253.64,74.19,25.0,20.13,54.54,1800
06/02/2024 07:00,Well 1,254.78,75.04,25.0,20.14,55.38,1800
06/02/2024 08:00,Well 1,251.76,80.52,25.0,19.73,59.94,1800
06/02/2024 09:00,Well 1,250.92,73.72,25.0,19.38,55.68,1800
06/02/2024 10:00,Well 1,250.56,78.35,25.0,19.86,57.65,1800
06/02/2024 11:00,Well 1,249.73,74.34,25.0,19.87,54.51,1800
06/02/2024 12:00,Well 1,254.07,74.26,25.0,19.45,56.59,1800
06/02/2024 13:00,Well 1,253.45,75.85,25.0,20.39,55.01,1800
06/02/2024 14:00,Well 1,246.53,75.59,25.0,19.79,54.93,1800
06/02/2024 15:00,Well 1,241.48,75.27,25.0,20.28,52.28,1800
06/02/2024 16:00,Well 1,249.48,75.62,25.0,19.85,55.44,1800
06/02/2024 17:00,Well 1,253.47,74.45,25.0,20.41,53.93,1800
06/02/2024 18:00,Well 1,253.18,76.08,25.0,20.09,55.93,1800
06/02/2024 19:00,Well 1,244.79,74.86,25.0,19.87,53.8,1800
06/02/2024 20:00,Well 1,249.02,80.35,25.0,19.28,60.53,1800
06/02/2024 21:00,Well 1,259.27,74.01,25.0,20.63,54.27,1800
06/02/2024 22:00,Well 1,247.13,77.38,25.0,20.58,54.2,1800
06/02/2024 23:00,Well 1,248.82,74.7,25.0,20.23,53.6,1800
06/03/2024 00:00,Well 1,256.61,74.87,25.0,20.66,54.24,1800
06/03/2024 01:00,Well 1,250.67,76.95,25.0,19.67,57.21,1800
06/03/2024 02:00,Well 1,252.8,74.21,25.0,19.88,55.04,1800
06/03/2024 03:00,Well 1,246.78,75.43,25.0,20.01,54.27,1800
06/03/2024 04:00,Well 1,243.41,70.42,25.0,20.08,50.0,1800
06/03/2024 05:00,Well 1,256.51,77.67,25.0,20.13,57.73,1800
06/03/2024 06:00,Well 1,251.53,77.51,25.0,20.37,55.83,1800
06/03/2024 07:00,Well 1,248.58,74.2,25.0,19.75,54.47,1800
06/03/2024 08:00,Well 1,249.27,77.91,25.0,20.47,55.35,1800
06/03/2024 09:00,Well 1,260.48,74.92,25.0,19.44,58.55,1800
06/03/2024 10:00,Well 1,251.24,77.45,25.0,19.66,57.73,1800
06/03/2024 11:00,Well 1,256.88,77.93,25.0,19.8,58.98,1800
06/03/2024 12:00,Well 1,248.02,77.61,25.0,20.59,54.52,1800
06/03/2024 13:00,Well 1,253.62,75.81,25.0,19.91,56.32,1800
06/03/2024 14:00,Well 1,254.95,74.15,25.0,20.57,53.6,1800
06/03/2024 15:00,Well 1,250.44,78.55,25.0,19.85,57.81,1800
06/03/2024 16:00,Well 1,251.6,76.26,25.0,20.49,54.61,1800
06/03/2024 17:00,Well 1,251.06,77.78,25.0,20.29,56.15,1800
06/03/2024 18:00,Well 1,258.8,74.94,25.0,19.79,57.16,1800
06/03/2024 19:00,Well 1,256.85,73.33,25.0,20.4,53.87,1800
06/03/2024 20:00,Well 1,254.74,75.27,25.0,20.11,55.61,1800
06/03/2024 21:00,Well 1,248.29,74.59,25.0,19.49,55.44,1800
06/03/2024 22:00,Well 1,245.15,73.34,25.0,19.83,52.89,1800
06/03/2024 23:00,Well 1,251.85,73.51,25.0,20.23,53.4,1800
06/04/2024 00:00,Well 1,242.97,74.74,25.0,19.37,54.68,1800
06/04/2024 01:00,Well 1,257.81,76.13,25.0,19.93,57.44,1800
06/04/2024 02:00,Well 1,251.64,75.25,25.0,20.42,54.09,1800
06/04/2024 03:00,Well 1,253.82,73.96,25.0,20.14,54.37,1800
06/04/2024 04:00,Well 1,249.73,75.92,25.0,20.29,54.5,1800
06/04/2024 05:00,Well 1,258.6,74.88,25.0,20.03,56.39,1800
06/04/2024 06:00,Well 1,250.19,76.03,25.0,20.65,53.73,1800
06/04/2024 07:00,Well 1,254.28,75.06,25.0,19.62,56.76,1800
06/04/2024 08:00,Well 1,260.21,77.89,25.0,19.85,59.57,1800
06/04/2024 09:00,Well 1,249.67,76.31,25.0,20.84,53.32,1800
06/04/2024 10:00,Well 1,252.17,73.79,25.0,20.11,53.97,1800
06/04/2024 11:00,Well 1,257.62,74.52,25.0,19.33,57.94,1800
06/04/2024 12:00,Well 1,243.37,74.71,25.0,20.7,51.23,1800
06/04/2024 13:00,Well 1,258.35,76.85,25.0,19.8,58.48,1800
06/04/2024 14:00,Well 1,250.57,75.19,25.0,20.26,54.25,1800
06/04/2024 15:00,Well 1,247.98,79.77,25.0,19.58,58.93,1800
06/04/2024 16:00,Well 1,255.94,75.09,25.0,19.73,56.84,1800
06/04/2024 17:00,Well 1,244.52,77.82,25.0,19.81,56.02,1800
06/04/2024 18:00,Well 1,250.2,73.9,25.0,20.42,52.83,1800
06/04/2024 19:00,Well 1,249.85,76.17,25.0,19.69,56.38,1800
06/04/2024 20:00,Well 1,250.58,79.27,25.0,19.89,58.24,1800
06/04/2024 21:00,Well 1,251.2,76.93,25.0,20.36,55.37,1800
06/04/2024 22:00,Well 1,250.46,75.39,25.0,20.25,54.38,1800
06/04/2024 23:00,Well 1,249.12,73.28,25.0,19.93,53.43,1800
06/05/2024 00:00,Well 1,249.87,76.25,25.0,19.99,55.59,1800
06/05/2024 01:00,Well 1,253.25,79.19,25.0,20.34,57.51,1800
06/05/2024 02:00,Well 1,252.09,73.43,25.0,19.44,55.55,1800
06/05/2024 03:00,Well 1,256.59,78.96,25.0,20.72,57.05,1800
06/05/2024 04:00,Well 1,251.72,74.71,25.0,20.04,54.74,1800
06/05/2024 05:00,Well 1,246.77,77.72,25.0,20.15,55.53,1800
06/05/2024 06:00,Well 1,253.26,75.83,25.0,20.65,54.24,1800
06/05/2024 07:00,Well 1,257.09,69.64,25.0,20.57,50.77,1800
06/05/2024 08:00,Well 1,254.76,72.4,25.0,19.58,54.94,1800
06/05/2024 09:00,Well 1,260.96,73.62,25.0,20.64,54.29,1800
06/05/2024 10:00,Well 1,246.3,72.01,25.0,19.45,53.21,1800
06/05/2024 11:00,Well 1,252.92,75.35,25.0,19.74,56.3,1800
06/05/2024 12:00,Well 1,251.08,73.76,25.0,20.1,53.74,1800
06/05/2024 13:00,Well 1,252.85,74.06,25.0,20.1,54.34,1800
06/05/2024 14:00,Well 1,248.27,75.17,25.0,19.39,56.15,1800
06/05/2024 15:00,Well 1,248.89,75.58,25.0,19.74,55.6,1800
06/05/2024 16:00,Well 1,253.91,79.56,25.0,20.86,56.5,1800
06/05/2024 17:00,Well 1,246.04,74.71,25.0,20.01,53.57,1800
06/05/2024 18:00,Well 1,246.45,76.63,25.0,19.95,55.22,1800
06/05/2024 19:00,Well 1,266.92,73.54,25.0,19.86,57.66,1800
06/05/2024 20:00,Well 1,245.39,78.03,25.0,20.1,55.56,1800
06/05/2024 21:00,Well 1,260.22,74.76,25.0,19.87,57.13,1800
06/05/2024 22:00,Well 1,242.74,73.89,25.0,19.77,52.92,1800
06/05/2024 23:00,Well 1,251.96,78.49,25.0,20.24,56.98,1800
06/06/2024 00:00,Well 1,251.23,73.24,25.0,19.02,56.43,1800
06/06/2024 01:00,Well 1,247.51,79.41,25.0,20.09,57.07,1800
06/06/2024 02:00,Well 1,257.29,73.88,25.0,20.11,55.14,1800
06/06/2024 03:00,Well 1,249.14,74.89,25.0,20.34,53.5,1800
06/06/2024 04:00,Well 1,249.19,79.63,25.0,19.58,59.11,1800
06/06/2024 05:00,Well 1,250.62,74.58,25.0,19.84,54.97,1800
06/06/2024 06:00,Well 1,249.15,77.15,25.0,20.34,55.14,1800
06/06/2024 07:00,Well 1,251.88,75.57,25.0,20.64,53.8,1800
06/06/2024 08:00,Well 1,257.32,75.55,25.0,20.3,55.86,1800
06/06/2024 09:00,Well 1,247.45,76.04,25.0,19.83,55.36,1800
06/06/2024 10:00,Well 1,255.18,76.57,25.0,19.89,57.31,1800
06/06/2024 11:00,Well 1,247.52,76.56,25.0,19.47,56.78,1800
06/06/2024 12:00,Well 1,256.54,74.89,25.0,19.97,56.11,1800
06/06/2024 13:00,Well 1,257.19,74.54,25.0,20.51,54.51,1800
06/06/2024 14:00,Well 1,250.55,77.41,25.0,20.07,56.39,1800
06/06/2024 15:00,Well 1,247.87,77.85,25.0,19.79,56.89,1800
06/06/2024 16:00,Well 1,260.12,75.01,25.0,19.45,58.51,1800
06/06/2024 17:00,Well 1,252.12,78.23,25.0,20.76,55.41,1800
06/06/2024 18:00,Well 1,253.4,76.0,25.0,20.33,55.24,1800
06/06/2024 19:00,Well 1,243.0,73.19,25.0,19.35,53.61,1800
06/06/2024 20:00,Well 1,254.3,73.45,25.0,19.79,55.07,1800
06/06/2024 21:00,Well 1,250.73,75.84,25.0,19.88,55.79,1800
06/06/2024 22:00,Well 1,254.1,76.95,25.0,19.58,58.27,1800
06/06/2024 23:00,Well 1,253.33,72.34,25.0,20.54,52.05,1800
06/07/2024 00:00,Well 1,247.58,76.91,25.0,19.92,55.75,1800
06/07/2024 01:00,Well 1,250.57,76.74,25.0,20.24,55.42,1800
06/07/2024 02:00,Well 1,252.58,78.11,25.0,20.56,55.98,1800
06/07/2024 03:00,Well 1,252.6,78.42,25.0,19.43,59.46,1800
06/07/2024 04:00,Well 1,251.66,74.92,25.0,20.05,54.85,1800
06/07/2024 05:00,Well 1,252.75,74.84,25.0,19.2,57.48,1800
06/07/2024 06:00,Well 1,252.94,73.87,25.0,19.59,55.65,1800
06/07/2024 07:00,Well 1,251.07,73.58,25.0,20.44,52.71,1800
06/07/2024 08:00,Well 1,248.23,75.22,25.0,19.7,55.3,1800
06/07/2024 09:00,Well 1,250.35,69.08,25.0,20.19,50.0,1800
06/07/2024 10:00,Well 1,247.93,74.21,25.0,19.9,53.95,1800
06/07/2024 11:00,Well 1,257.8,72.66,25.0,19.82,55.14,1800
06/07/2024 12:00,Well 1,253.16,74.7,25.0,19.44,56.75,1800
06/07/2024 13:00,Well 1,256.76,75.92,25.0,19.35,58.76,1800
06/07/2024 14:00,Well 1,252.14,74.17,25.0,19.89,54.86,1800
06/07/2024 15:00,Well 1,246.52,75.02,25.0,19.18,56.25,1800
06/07/2024 16:00,Well 1,250.74,76.35,25.0,19.51,57.24,1800
06/07/2024 17:00,Well 1,254.14,74.64,25.0,20.0,55.31,1800
06/07/2024 18:00,Well 1,254.21,75.7,25.0,20.72,54.17,1800
06/07/2024 19:00,Well 1,257.91,75.33,25.0,19.7,57.54,1800
06/07/2024 20:00,Well 1,248.32,77.23,25.0,19.99,55.97,1800
06/07/2024 21:00,Well 1,248.7,74.39,25.0,20.06,53.79,1800
06/07/2024 22:00,Well 1,245.9,78.4,25.0,20.19,55.69,1800
06/07/2024 23:00,Well 1,247.99,72.9,25.0,19.53,53.99,1800
06/08/2024 00:00,Well 1,259.97,72.96,25.0,19.79,55.9,1800
06/08/2024 01:00,Well 1,253.91,76.25,25.0,20.89,54.06,1800
06/08/2024 02:00,Well 1,257.19,75.65,25.0,19.58,57.95,1800
06/08/2024 03:00,Well 1,253.62,78.79,25.0,20.14,57.87,1800
06/08/2024 04:00,Well 1,249.11,78.0,25.0,19.94,56.84,1800
06/08/2024 05:00,Well 1,246.07,76.3,25.0,19.52,56.12,1800
06/08/2024 06:00,Well 1,261.49,78.08,25.0,20.24,58.84,1800
06/08/2024 07:00,Well 1,254.81,74.81,25.0,19.62,56.67,1800
06/08/2024 08:00,Well 1,260.63,76.97,25.0,20.45,57.24,1800
06/08/2024 09:00,Well 1,253.58,71.57,25.0,20.2,52.42,1800
06/08/2024 10:00,Well 1,248.74,78.08,25.0,19.5,58.11,1800
06/08/2024 11:00,Well 1,251.77,74.2,25.0,19.21,56.73,1800
06/08/2024 12:00,Well 1,254.42,76.35,25.0,20.24,55.99,1800
06/08/2024 13:00,Well 1,252.47,75.68,25.0,19.91,55.97,1800
06/08/2024 14:00,Well 1,260.82,73.75,25.0,20.3,55.28,1800
06/08/2024 15:00,Well 1,252.2,74.37,25.0,21.18,51.66,1800
06/08/2024 16:00,Well 1,260.51,73.09,25.0,20.35,54.59,1800
06/08/2024 17:00,Well 1,250.68,75.57,25.0,20.17,54.79,1800
06/08/2024 18:00,Well 1,244.02,75.95,25.0,20.08,53.84,1800
06/08/2024 19:00,Well 1,255.41,75.64,25.0,21.13,53.33,1800
06/08/2024 20:00,Well 1,254.97,76.94,25.0,19.75,57.95,1800
06/08/2024 21:00,Well 1,250.97,75.14,25.0,19.93,55.21,1800
06/08/2024 22:00,Well 1,252.36,77.39,25.0,19.54,58.32,1800
06/08/2024 23:00,Well 1,259.33,77.89,25.0,20.9,56.38,1800
06/09/2024 00:00,Well 1,259.33,71.27,25.0,20.31,53.09,1800
06/09/2024 01:00,Well 1,241.7,75.64,25.0,20.06,53.17,1800
06/09/2024 02:00,Well 1,249.52,77.03,25.0,20.25,55.36,1800
06/09/2024 03:00,Well 1,255.83,75.36,25.0,20.06,56.07,1800
06/09/2024 04:00,Well 1,261.85,77.25,25.0,20.16,58.53,1800
06/09/2024 05:00,Well 1,246.54,77.87,25.0,20.0,56.0,1800
06/09/2024 06:00,Well 1,257.49,74.34,25.0,19.86,56.21,1800
06/09/2024 07:00,Well 1,247.99,75.93,25.0,20.14,54.55,1800
06/09/2024 08:00,Well 1,256.71,76.94,25.0,19.85,58.05,1800
06/09/2024 09:00,Well 1,247.47,77.28,25.0,20.1,55.49,1800
06/09/2024 10:00,Well 1,261.84,73.85,25.0,19.86,56.8,1800
06/09/2024 11:00,Well 1,257.27,73.12,25.0,19.54,56.18,1800
06/09/2024 12:00,Well 1,243.33,74.15,25.0,20.14,52.26,1800
06/09/2024 13:00,Well 1,246.5,75.64,25.0,19.04,57.13,1800
06/09/2024 14:00,Well 1,250.76,72.46,25.0,19.25,55.05,1800
06/09/2024 15:00,Well 1,241.83,69.96,25.0,19.03,51.87,1800
06/09/2024 16:00,Well 1,246.27,76.04,25.0,20.03,54.54,1800
06/09/2024 17:00,Well 1,257.98,72.2,25.0,20.22,53.73,1800
06/09/2024 18:00,Well 1,255.23,77.53,25.0,20.13,57.36,1800
06/09/2024 19:00,Well 1,243.02,75.92,25.0,20.35,52.9,1800
06/09/2024 20:00,Well 1,253.19,74.3,25.0,19.97,54.95,1800
06/09/2024 21:00,Well 1,256.69,72.96,25.0,19.92,54.84,1800
06/09/2024 22:00,Well 1,250.11,74.22,25.0,20.33,53.26,1800
06/09/2024 23:00,Well 1,254.77,75.59,25.0,19.84,56.62,1800
06/10/2024 00:00,Well 1,252.26,76.35,25.0,19.43,57.81,1800
06/10/2024 01:00,Well 1,263.09,77.39,25.0,20.13,59.01,1800
06/10/2024 02:00,Well 1,254.38,76.96,25.0,20.32,56.19,1800
06/10/2024 03:00,Well 1,256.84,76.52,25.0,19.95,57.48,1800
06/10/2024 04:00,Well 1,254.93,76.34,25.0,19.78,57.38,1800
06/10/2024 05:00,Well 1,261.88,73.77,25.0,19.48,57.85,1800
06/10/2024 06:00,Well 1,258.1,75.95,25.0,20.46,55.9,1800
06/10/2024 07:00,Well 1,254.55,75.52,25.0,19.64,57.1,1800
06/10/2024 08:00,Well 1,252.8,73.0,25.0,19.92,54.03,1800
06/10/2024 09:00,Well 1,241.78,75.96,25.0,19.84,54.01,1800
06/10/2024 10:00,Well 1,248.4,78.45,25.0,19.87,57.21,1800
06/10/2024 11:00,Well 1,250.91,75.31,25.0,20.59,53.53,1800
06/10/2024 12:00,Well 1,253.35,75.32,25.0,19.79,56.23,1800
06/10/2024 13:00,Well 1,254.64,73.81,25.0,20.36,53.85,1800
06/10/2024 14:00,Well 1,256.41,76.28,25.0,19.97,57.14,1800
06/10/2024 15:00,Well 1,262.55,75.0,25.0,19.55,58.76,1800
06/10/2024 16:00,Well 1,243.26,76.2,25.0,19.55,55.3,1800
06/10/2024 17:00,Well 1,250.06,73.03,25.0,19.39,54.94,1800
06/10/2024 18:00,Well 1,248.11,72.44,25.0,19.86,52.78,1800
06/10/2024 19:00,Well 1,257.09,75.78,25.0,19.75,57.55,1800
06/10/2024 20:00,Well 1,256.92,75.64,25.0,19.05,59.52,1800
06/10/2024 21:00,Well 1,249.5,76.15,25.0,19.13,57.94,1800
06/10/2024 22:00,Well 1,251.71,76.88,25.0,19.8,57.02,1800
06/10/2024 23:00,Well 1,249.42,73.72,25.0,20.17,53.17,1800
06/11/2024 00:00,Well 1,255.92,77.79,25.0,19.26,60.29,1800
06/11/2024 01:00,Well 1,253.78,77.38,25.0,20.28,56.49,1800
06/11/2024 02:00,Well 1,251.83,73.91,25.0,19.56,55.51,1800
06/11/2024 03:00,Well 1,255.3,74.76,25.0,19.85,56.09,1800
06/11/2024 04:00,Well 1,258.0,76.27,25.0,20.77,55.28,1800
06/11/2024 05:00,Well 1,251.17,79.2,25.0,20.24,57.33,1800
06/11/2024 06:00,Well 1,258.68,76.48,25.0,19.84,58.18,1800
06/11/2024 07:00,Well 1,255.06,74.48,25.0,20.3,54.58,1800
06/11/2024 08:00,Well 1,254.45,74.03,25.0,20.53,53.53,1800
06/11/2024 09:00,Well 1,255.12,70.44,25.0,19.76,53.06,1800
06/11/2024 10:00,Well 1,252.89,75.71,25.0,20.22,55.24,1800
06/11/2024 11:00,Well 1,255.93,77.03,25.0,19.36,59.4,1800
06/11/2024 12:00,Well 1,245.56,76.44,25.0,20.19,54.23,1800
06/11/2024 13:00,Well 1,258.25,75.84,25.0,20.03,57.05,1800
06/11/2024 14:00,Well 1,252.96,74.81,25.0,20.05,55.07,1800
06/11/2024 15:00,Well 1,256.7,72.76,25.0,19.26,56.56,1800
06/11/2024 16:00,Well 1,252.46,76.34,25.0,19.86,56.61,1800
06/11/2024 17:00,Well 1,253.79,75.31,25.0,19.58,56.93,1800
06/11/2024 18:00,Well 1,249.69,81.2,25.0,19.97,59.22,1800
06/11/2024 19:00,Well 1,240.47,79.01,25.0,20.33,54.51,1800
06/11/2024 20:00,Well 1,249.13,77.97,25.0,20.06,56.49,1800
06/11/2024 21:00,Well 1,248.42,75.93,25.0,20.01,55.0,1800
06/11/2024 22:00,Well 1,254.75,78.72,25.0,19.8,59.08,1800
06/11/2024 23:00,Well 1,251.44,76.81,25.0,20.41,55.2,1800
06/12/2024 00:00,Well 1,250.13,71.64,25.0,20.31,51.47,1800
06/12/2024 01:00,Well 1,256.76,76.62,25.0,19.37,59.25,1800
06/12/2024 02:00,Well 1,252.6,73.74,25.0,19.98,54.37,1800
06/12/2024 03:00,Well 1,256.85,77.26,25.0,19.82,58.41,1800
06/12/2024 04:00,Well 1,237.42,78.12,25.0,19.89,54.39,1800
06/12/2024 05:00,Well 1,257.4,73.1,25.0,20.64,53.17,1800
06/12/2024 06:00,Well 1,252.42,73.7,25.0,19.56,55.49,1800
06/12/2024 07:00,Well 1,238.17,75.64,25.0,20.02,52.48,1800
06/12/2024 08:00,Well 1,252.26,76.87,25.0,19.93,56.74,1800
06/12/2024 09:00,Well 1,254.29,79.66,25.0,20.09,58.82,1800
06/12/2024 10:00,Well 1,249.92,73.85,25.0,19.67,54.74,1800
06/12/2024 11:00,Well 1,253.92,74.26,25.0,20.4,53.91,1800
06/12/2024 12:00,Well 1,255.29,75.25,25.0,19.82,56.54,1800
06/12/2024 13:00,Well 1,254.43,76.13,25.0,20.03,56.4,1800
06/12/2024 14:00,Well 1,248.15,73.4,25.0,20.29,52.37,1800
06/12/2024 15:00,Well 1,241.84,72.26,25.0,20.43,50.0,1800
06/12/2024 16:00,Well 1,243.37,73.16,25.0,19.83,52.38,1800
06/12/2024 17:00,Well 1,249.56,74.53,25.0,19.92,54.47,1800
06/12/2024 18:00,Well 1,246.33,73.75,25.0,19.55,54.2,1800
06/12/2024 19:00,Well 1,249.4,74.94,25.0,20.05,54.37,1800
06/12/2024 20:00,Well 1,250.41,75.87,25.0,19.91,55.66,1800
06/12/2024 21:00,Well 1,258.88,77.0,25.0,19.92,58.37,1800
06/12/2024 22:00,Well 1,250.89,75.49,25.0,19.7,56.09,1800
06/12/2024 23:00,Well 1,256.41,73.85,25.0,20.41,54.12,1800
06/13/2024 00:00,Well 1,248.84,73.66,25.0,19.68,54.33,1800
06/13/2024 01:00,Well 1,253.66,73.42,25.0,20.58,52.78,1800
06/13/2024 02:00,Well 1,251.02,76.1,25.0,20.3,54.89,1800
06/13/2024 03:00,Well 1,258.4,75.53,25.0,20.05,56.78,1800
06/13/2024 04:00,Well 1,246.97,72.63,25.0,20.51,51.02,1800
06/13/2024 05:00,Well 1,247.46,76.84,25.0,20.66,53.67,1800
06/13/2024 06:00,Well 1,248.06,77.99,25.0,20.24,55.76,1800
06/13/2024 07:00,Well 1,247.36,76.66,25.0,19.34,57.21,1800
06/13/2024 08:00,Well 1,253.2,74.52,25.0,20.34,54.12,1800
06/13/2024 09:00,Well 1,255.39,70.26,25.0,20.29,51.58,1800
06/13/2024 10:00,Well 1,259.42,76.95,25.0,20.0,58.22,1800
06/13/2024 11:00,Well 1,248.72,73.33,25.0,19.7,53.99,1800
06/13/2024 12:00,Well 1,252.59,74.73,25.0,20.41,53.94,1800
06/13/2024 13:00,Well 1,251.95,74.96,25.0,20.17,54.64,1800
06/13/2024 14:00,Well 1,257.06,75.59,25.0,19.8,57.25,1800
06/13/2024 15:00,Well 1,263.37,72.61,25.0,20.01,55.74,1800
06/13/2024 16:00,Well 1,256.79,76.12,25.0,19.97,57.09,1800
06/13/2024 17:00,Well 1,255.81,76.39,25.0,20.72,55.01,1800
06/13/2024 18:00,Well 1,258.49,73.74,25.0,20.4,54.5,1800
06/13/2024 19:00,Well 1,237.93,75.17,25.0,20.03,52.1,1800
06/13/2024 20:00,Well 1,247.0,73.04,25.0,19.22,54.76,1800
06/13/2024 21:00,Well 1,251.37,75.15,25.0,19.56,56.33,1800
06/13/2024 22:00,Well 1,247.72,73.27,25.0,19.74,53.64,1800
06/13/2024 23:00,Well 1,260.55,76.15,25.0,19.92,58.1,1800
06/14/2024 00:00,Well 1,253.61,75.12,25.0,20.18,55.06,1800
06/14/2024 01:00,Well 1,257.73,77.24,25.0,19.85,58.51,1800
06/14/2024 02:00,Well 1,248.06,73.51,25.0,19.36,54.93,1800
06/14/2024 03:00,Well 1,260.1,79.56,25.0,20.41,59.16,1800
06/14/2024 04:00,Well 1,249.4,73.7,25.0,21.54,50.0,1800
06/14/2024 05:00,Well 1,256.36,77.55,25.0,20.5,56.58,1800
06/14/2024 06:00,Well 1,253.72,76.07,25.0,19.93,56.5,1800
06/14/2024 07:00,Well 1,241.06,75.28,25.0,20.49,51.66,1800
06/14/2024 08:00,Well 1,252.61,74.42,25.0,19.88,55.18,1800
06/14/2024 09:00,Well 1,248.34,77.37,25.0,19.67,56.99,1800
06/14/2024 10:00,Well 1,252.05,74.4,25.0,19.94,54.87,1800
06/14/2024 11:00,Well 1,254.64,71.94,25.0,19.74,54.13,1800
06/14/2024 12:00,Well 1,252.56,76.47,25.0,20.16,55.89,1800
06/14/2024 13:00,Well 1,255.11,76.33,25.0,20.27,56.05,1800
06/14/2024 14:00,Well 1,244.23,76.28,25.0,19.83,54.79,1800
06/14/2024 15:00,Well 1,255.09,71.13,25.0,20.7,51.13,1800
06/14/2024 16:00,Well 1,253.71,76.72,25.0,20.38,55.71,1800
06/14/2024 17:00,Well 1,259.63,74.82,25.0,20.33,55.73,1800
06/14/2024 18:00,Well 1,241.43,75.54,25.0,20.17,52.74,1800
06/14/2024 19:00,Well 1,247.59,76.93,25.0,20.56,54.04,1800
06/14/2024 20:00,Well 1,260.35,74.83,25.0,19.54,58.15,1800
06/14/2024 21:00,Well 1,256.95,76.98,25.0,20.69,55.77,1800
06/14/2024 22:00,Well 1,248.13,78.0,25.0,19.87,56.82,1800
06/14/2024 23:00,Well 1,257.55,76.16,25.0,19.92,57.44,1800
06/15/2024 00:00,Well 1,264.51,74.78,25.0,20.16,57.23,1800
06/15/2024 01:00,Well 1,246.26,73.99,25.0,19.61,54.21,1800
06/15/2024 02:00,Well 1,253.19,76.18,25.0,20.09,56.0,1800
06/15/2024 03:00,Well 1,256.08,71.9,25.0,19.92,53.93,1800
06/15/2024 04:00,Well 1,249.91,75.39,25.0,19.94,55.12,1800
06/15/2024 05:00,Well 1,247.67,74.86,25.0,19.47,55.54,1800
06/15/2024 06:00,Well 1,249.05,73.2,25.0,20.69,51.39,1800
06/15/2024 07:00,Well 1,248.4,76.9,25.0,20.29,54.92,1800
06/15/2024 08:00,Well 1,249.66,74.12,25.0,20.54,52.55,1800
06/15/2024 09:00,Well 1,258.2,77.19,25.0,20.17,57.63,1800
06/15/2024 10:00,Well 1,249.92,72.33,25.0,19.66,53.65,1800
06/15/2024 11:00,Well 1,250.91,75.54,25.0,19.65,56.28,1800
06/15/2024 12:00,Well 1,252.44,74.79,25.0,19.7,55.91,1800
06/15/2024 13:00,Well 1,259.5,72.24,25.0,20.38,53.67,1800
06/15/2024 14:00,Well 1,250.84,75.69,25.0,19.66,56.35,1800
06/15/2024 15:00,Well 1,248.37,77.06,25.0,20.86,53.51,1800
06/15/2024 16:00,Well 1,263.29,71.64,25.0,20.32,54.14,1800
06/15/2024 17:00,Well 1,255.76,77.86,25.0,20.84,55.75,1800
06/15/2024 18:00,Well 1,256.33,76.02,25.0,20.79,54.68,1800
06/15/2024 19:00,Well 1,246.84,72.57,25.0,20.32,51.42,1800
06/15/2024 20:00,Well 1,247.94,70.01,25.0,20.6,50.0,1800
06/15/2024 21:00,Well 1,258.16,74.71,25.0,19.59,57.42,1800
06/15/2024 22:00,Well 1,259.86,75.4,25.0,20.79,54.98,1800
06/15/2024 23:00,Well 1,248.34,76.28,25.0,20.13,54.91,1800
06/16/2024 00:00,Well 1,249.06,75.11,25.0,19.93,54.75,1800
06/16/2024 01:00,Well 1,255.69,72.81,25.0,19.62,55.36,1800
06/16/2024 02:00,Well 1,257.0,76.87,25.0,19.15,60.17,1800
06/16/2024 03:00,Well 1,253.87,75.1,25.0,20.01,55.58,1800
06/16/2024 04:00,Well 1,260.92,77.89,25.0,20.29,58.43,1800
06/16/2024 05:00,Well 1,259.52,71.55,25.0,20.36,53.21,1800
06/16/2024 06:00,Well 1,247.5,72.94,25.0,20.7,50.86,1800
06/16/2024 07:00,Well 1,246.39,72.24,25.0,20.32,51.1,1800
06/16/2024 08:00,Well 1,250.33,72.68,25.0,20.06,52.92,1800
06/16/2024 09:00,Well 1,246.11,77.07,25.0,19.9,55.61,1800
06/16/2024 10:00,Well 1,252.26,73.75,25.0,20.48,52.98,1800
06/16/2024 11:00,Well 1,255.05,77.0,25.0,20.08,57.07,1800
06/16/2024 12:00,Well 1,245.5,74.01,25.0,20.29,52.25,1800
06/16/2024 13:00,Well 1,254.27,71.58,25.0,20.29,52.33,1800
06/16/2024 14:00,Well 1,259.09,75.61,25.0,20.26,56.4,1800
06/16/2024 15:00,Well 1,256.57,77.48,25.0,19.76,58.67,1800
06/16/2024 16:00,Well 1,251.38,77.94,25.0,19.59,58.34,1800
06/16/2024 17:00,Well 1,256.81,72.54,25.0,19.4,56.02,1800
06/16/2024 18:00,Well 1,245.42,73.56,25.0,20.21,52.12,1800
06/16/2024 19:00,Well 1,246.27,73.78,25.0,19.5,54.35,1800
06/16/2024 20:00,Well 1,248.91,77.74,25.0,20.28,55.64,1800
06/16/2024 21:00,Well 1,249.93,74.43,25.0,20.2,53.73,1800
06/16/2024 22:00,Well 1,253.2,74.98,25.0,20.05,55.23,1800
06/16/2024 23:00,Well 1,261.22,76.5,25.0,19.75,59.01,1800
06/17/2024 00:00,Well 1,252.86,75.47,25.0,19.71,56.49,1800
06/17/2024 01:00,Well 1,255.99,78.12,25.0,19.44,60.01,1800
06/17/2024 02:00,Well 1,246.03,76.56,25.0,19.24,57.09,1800
06/17/2024 03:00,Well 1,260.66,78.5,25.0,19.64,60.79,1800
06/17/2024 04:00,Well 1,253.0,75.44,25.0,19.79,56.25,1800
06/17/2024 05:00,Well 1,253.78,75.17,25.0,20.04,55.53,1800
06/17/2024 06:00,Well 1,260.45,78.43,25.0,20.0,59.59,1800
06/17/2024 07:00,Well 1,254.22,76.33,25.0,19.62,57.7,1800
06/17/2024 08:00,Well 1,252.76,79.95,25.0,20.35,57.92,1800
06/17/2024 09:00,Well 1,246.71,75.94,25.0,20.07,54.44,1800
06/17/2024 10:00,Well 1,251.34,74.5,25.0,19.72,55.38,1800
06/17/2024 11:00,Well 1,255.7,76.62,25.0,20.13,56.77,1800
06/17/2024 12:00,Well 1,250.05,82.92,25.0,19.78,61.14,1800
06/17/2024 13:00,Well 1,259.54,74.99,25.0,20.25,56.05,1800
06/17/2024 14:00,Well 1,251.79,70.0,25.0,19.96,51.5,1800
06/17/2024 15:00,Well 1,254.14,76.3,25.0,20.25,55.87,1800
06/17/2024 16:00,Well 1,248.74,77.46,25.0,20.05,56.05,1800
06/17/2024 17:00,Well 1,248.73,79.6,25.0,20.47,56.41,1800
06/17/2024 18:00,Well 1,243.59,75.1,25.0,20.01,53.34,1800
06/17/2024 19:00,Well 1,247.33,76.28,25.0,20.05,54.89,1800
06/17/2024 20:00,Well 1,252.43,71.35,25.0,19.32,54.37,1800
06/17/2024 21:00,Well 1,257.99,76.39,25.0,20.72,55.49,1800
06/17/2024 22:00,Well 1,248.44,76.4,25.0,20.51,53.99,1800
06/17/2024 23:00,Well 1,249.71,75.89,25.0,19.42,56.92,1800
06/18/2024 00:00,Well 1,253.05,76.98,25.0,20.14,56.42,1800
06/18/2024 01:00,Well 1,256.86,74.65,25.0,20.02,55.86,1800
06/18/2024 02:00,Well 1,255.94,74.91,25.0,20.4,54.81,1800
06/18/2024 03:00,Well 1,255.67,78.29,25.0,20.23,57.71,1800
06/18/2024 04:00,Well 1,260.96,76.86,25.0,19.99,58.52,1800
06/18/2024 05:00,Well 1,246.03,75.23,25.0,20.21,53.42,1800
06/18/2024 06:00,Well 1,262.4,73.38,25.0,19.91,56.41,1800
06/18/2024 07:00,Well 1,249.13,73.12,25.0,19.95,53.27,1800
06/18/2024 08:00,Well 1,256.41,77.39,25.0,20.71,55.88,1800
06/18/2024 09:00,Well 1,249.82,75.84,25.0,20.28,54.5,1800
06/18/2024 10:00,Well 1,252.12,79.14,25.0,20.5,56.78,1800
06/18/2024 11:00,Well 1,252.55,75.46,25.0,19.07,58.3,1800
06/18/2024 12:00,Well 1,254.3,78.8,25.0,20.51,57.0,1800
06/18/2024 13:00,Well 1,253.26,73.8,25.0,19.74,55.23,1800
06/18/2024 14:00,Well 1,246.86,73.87,25.0,19.79,53.76,1800
06/18/2024 15:00,Well 1,258.53,76.71,25.0,19.97,57.92,1800
06/18/2024 16:00,Well 1,260.48,75.43,25.0,19.97,57.4,1800
06/18/2024 17:00,Well 1,246.65,74.17,25.0,19.39,55.04,1800
06/18/2024 18:00,Well 1,252.04,77.14,25.0,19.31,58.72,1800
06/18/2024 19:00,Well 1,254.28,79.38,25.0,19.75,59.62,1800
06/18/2024 20:00,Well 1,252.72,75.62,25.0,20.04,55.62,1800
06/18/2024 21:00,Well 1,250.89,74.03,25.0,19.83,54.64,1800
06/18/2024 22:00,Well 1,255.26,76.79,25.0,19.65,58.18,1800
06/18/2024 23:00,Well 1,253.8,74.49,25.0,20.13,54.77,1800
06/19/2024 00:00,Well 1,252.05,76.92,25.0,20.69,54.66,1800
06/19/2024 01:00,Well 1,256.12,76.25,25.0,19.44,58.6,1800
06/19/2024 02:00,Well 1,262.1,74.84,25.0,19.87,57.59,1800
06/19/2024 03:00,Well 1,258.12,71.67,25.0,19.45,55.47,1800
06/19/2024 04:00,Well 1,257.44,74.9,25.0,20.53,54.8,1800
06/19/2024 05:00,Well 1,246.65,76.56,25.0,19.88,55.4,1800
06/19/2024 06:00,Well 1,254.59,75.99,25.0,19.62,57.51,1800
06/19/2024 07:00,Well 1,257.36,70.23,25.0,20.15,52.32,1800
06/19/2024 08:00,Well 1,252.58,77.59,25.0,19.98,57.21,1800
06/19/2024 09:00,Well 1,264.16,73.44,25.0,19.61,57.7,1800
06/19/2024 10:00,Well 1,250.79,76.19,25.0,19.9,56.01,1800
06/19/2024 11:00,Well 1,260.83,75.81,25.0,20.22,57.04,1800
06/19/2024 12:00,Well 1,252.36,72.86,25.0,20.0,53.63,1800
06/19/2024 13:00,Well 1,251.39,75.56,25.0,20.37,54.39,1800
06/19/2024 14:00,Well 1,248.04,68.69,25.0,20.0,50.0,1800
06/19/2024 15:00,Well 1,258.03,73.84,25.0,19.24,57.77,1800
06/19/2024 16:00,Well 1,257.12,73.04,25.0,19.77,55.4,1800
06/19/2024 17:00,Well 1,249.2,77.92,25.0,18.75,60.4,1800
06/19/2024 18:00,Well 1,247.46,73.49,25.0,20.56,51.6,1800
06/19/2024 19:00,Well 1,255.93,75.01,25.0,19.44,57.59,1800
06/19/2024 20:00,Well 1,254.66,74.55,25.0,20.41,54.26,1800
06/19/2024 21:00,Well 1,252.15,71.85,25.0,20.72,51.0,1800
06/19/2024 22:00,Well 1,248.08,80.19,25.0,20.18,57.51,1800
06/19/2024 23:00,Well 1,251.33,72.96,25.0,20.21,52.92,1800
06/20/2024 00:00,Well 1,249.28,73.32,25.0,20.77,51.33,1800
06/20/2024 01:00,Well 1,252.56,74.97,25.0,20.13,54.86,1800
06/20/2024 02:00,Well 1,252.86,76.41,25.0,19.67,57.29,1800
06/20/2024 03:00,Well 1,251.45,72.71,25.0,20.01,53.3,1800
06/20/2024 04:00,Well 1,250.46,75.11,25.0,20.34,53.96,1800
06/20/2024 05:00,Well 1,255.02,74.46,25.0,19.84,55.83,1800
06/20/2024 06:00,Well 1,248.03,73.96,25.0,20.67,51.77,1800
06/20/2024 07:00,Well 1,251.27,75.43,25.0,19.95,55.43,1800
06/20/2024 08:00,Well 1,253.29,77.57,25.0,19.32,59.32,1800
06/20/2024 09:00,Well 1,259.75,77.74,25.0,20.61,57.15,1800
06/20/2024 10:00,Well 1,252.82,80.02,25.0,19.87,59.39,1800
06/20/2024 11:00,Well 1,254.12,74.63,25.0,20.18,54.83,1800
06/20/2024 12:00,Well 1,256.27,77.63,25.0,19.62,59.14,1800
06/20/2024 13:00,Well 1,246.27,75.05,25.0,19.32,55.8,1800
06/20/2024 14:00,Well 1,251.37,74.18,25.0,19.88,54.73,1800
06/20/2024 15:00,Well 1,249.5,75.24,25.0,20.48,53.47,1800
06/20/2024 16:00,Well 1,256.01,75.1,25.0,19.76,56.77,1800
06/20/2024 17:00,Well 1,255.5,75.75,25.0,20.77,54.35,1800
06/20/2024 18:00,Well 1,257.72,75.21,25.0,20.59,54.92,1800
06/20/2024 19:00,Well 1,260.13,76.36,25.0,19.88,58.3,1800
06/20/2024 20:00,Well 1,252.74,74.9,25.0,19.81,55.73,1800
06/20/2024 21:00,Well 1,255.92,75.51,25.0,19.7,57.23,1800
06/20/2024 22:00,Well 1,263.57,75.55,25.0,20.1,57.79,1800
06/20/2024 23:00,Well 1,250.89,76.07,25.0,19.83,56.15,1800
06/21/2024 00:00,Well 1,253.17,73.84,25.0,20.26,53.83,1800
06/21/2024 01:00,Well 1,262.4,74.79,25.0,19.8,57.81,1800
06/21/2024 02:00,Well 1,255.45,75.45,25.0,19.99,56.23,1800
06/21/2024 03:00,Well 1,253.67,74.4,25.0,20.44,53.86,1800
06/21/2024 04:00,Well 1,252.16,72.76,25.0,19.95,53.65,1800
06/21/2024 05:00,Well 1,252.35,78.56,25.0,20.12,57.49,1800
06/21/2024 06:00,Well 1,246.89,76.0,25.0,19.96,54.84,1800
06/21/2024 07:00,Well 1,250.53,75.48,25.0,20.92,52.74,1800
06/21/2024 08:00,Well 1,253.12,76.6,25.0,20.36,55.56,1800
06/21/2024 09:00,Well 1,259.36,76.13,25.0,19.87,57.98,1800
06/21/2024 10:00,Well 1,246.43,76.6,25.0,19.67,56.0,1800
06/21/2024 11:00,Well 1,245.84,77.61,25.0,20.24,55.0,1800
06/21/2024 12:00,Well 1,255.47,71.49,25.0,20.57,51.8,1800
06/21/2024 13:00,Well 1,241.47,76.12,25.0,19.39,55.29,1800
06/21/2024 14:00,Well 1,244.11,75.03,25.0,19.83,53.89,1800
06/21/2024 15:00,Well 1,247.53,73.26,25.0,19.49,54.27,1800
06/21/2024 16:00,Well 1,253.3,75.85,25.0,20.3,55.21,1800
06/21/2024 17:00,Well 1,255.02,72.4,25.0,19.94,54.01,1800
06/21/2024 18:00,Well 1,251.34,75.69,25.0,20.34,54.55,1800
06/21/2024 19:00,Well 1,259.03,74.87,25.0,19.53,57.94,1800
06/21/2024 20:00,Well 1,253.82,74.37,25.0,20.18,54.55,1800
06/21/2024 21:00,Well 1,254.87,77.69,25.0,19.77,58.41,1800
06/21/2024 22:00,Well 1,251.98,73.6,25.0,20.59,52.54,1800
06/21/2024 23:00,Well 1,255.24,77.48,25.0,19.94,57.84,1800
06/22/2024 00:00,Well 1,255.31,75.3,25.0,20.31,55.22,1800
06/22/2024 01:00,Well 1,239.37,74.25,25.0,20.37,50.89,1800
06/22/2024 02:00,Well 1,256.13,75.64,25.0,20.68,54.65,1800
06/22/2024 03:00,Well 1,258.07,76.33,25.0,20.64,55.67,1800
06/22/2024 04:00,Well 1,256.27,78.93,25.0,20.57,57.35,1800
06/22/2024 05:00,Well 1,248.74,78.18,25.0,19.46,58.29,1800
06/22/2024 06:00,Well 1,253.74,77.26,25.0,20.1,56.88,1800
06/22/2024 07:00,Well 1,250.92,72.45,25.0,19.89,53.32,1800
06/22/2024 08:00,Well 1,252.21,74.69,25.0,19.85,55.35,1800
06/22/2024 09:00,Well 1,254.56,76.79,25.0,20.36,56.0,1800
06/22/2024 10:00,Well 1,252.04,73.75,25.0,19.79,54.8,1800
06/22/2024 11:00,Well 1,250.76,75.18,25.0,20.31,54.16,1800
06/22/2024 12:00,Well 1,250.61,74.47,25.0,19.61,55.5,1800
06/22/2024 13:00,Well 1,249.67,72.11,25.0,19.95,52.66,1800
06/22/2024 14:00,Well 1,256.6,76.65,25.0,20.13,56.98,1800
06/22/2024 15:00,Well 1,257.16,74.49,25.0,19.92,56.09,1800
06/22/2024 16:00,Well 1,258.57,72.15,25.0,20.06,54.26,1800
06/22/2024 17:00,Well 1,256.87,76.97,25.0,20.49,56.3,1800
06/22/2024 18:00,Well 1,252.31,72.84,25.0,20.46,52.4,1800
06/22/2024 19:00,Well 1,247.73,71.94,25.0,20.09,51.74,1800
06/22/2024 20:00,Well 1,254.75,75.33,25.0,19.56,57.24,1800
06/22/2024 21:00,Well 1,244.44,76.35,25.0,20.77,52.41,1800
06/22/2024 22:00,Well 1,246.8,75.81,25.0,20.01,54.54,1800
06/22/2024 23:00,Well 1,251.27,74.63,25.0,20.52,53.3,1800
06/23/2024 00:00,Well 1,255.66,74.14,25.0,20.1,55.01,1800
06/23/2024 01:00,Well 1,260.92,72.61,25.0,20.68,53.44,1800
06/23/2024 02:00,Well 1,254.45,73.92,25.0,20.41,53.75,1800
06/23/2024 03:00,Well 1,249.67,75.43,25.0,19.0,57.82,1800
06/23/2024 04:00,Well 1,256.07,75.8,25.0,20.28,55.83,1800
06/23/2024 05:00,Well 1,249.23,73.55,25.0,19.66,54.39,1800
06/23/2024 06:00,Well 1,254.78,73.79,25.0,19.98,54.88,1800
06/23/2024 07:00,Well 1,247.46,74.52,25.0,20.8,51.7,1800
06/23/2024 08:00,Well 1,243.62,73.34,25.0,20.1,51.84,1800
06/23/2024 09:00,Well 1,248.96,72.87,25.0,20.58,51.43,1800
06/23/2024 10:00,Well 1,256.08,80.89,25.0,19.6,61.65,1800
06/23/2024 11:00,Well 1,253.12,76.36,25.0,19.38,58.17,1800
06/23/2024 12:00,Well 1,245.05,77.3,25.0,20.44,54.05,1800
06/23/2024 13:00,Well 1,253.56,73.37,25.0,19.79,54.84,1800
06/23/2024 14:00,Well 1,248.81,75.91,25.0,19.82,55.59,1800
06/23/2024 15:00,Well 1,250.57,73.35,25.0,20.01,53.58,1800
06/23/2024 16:00,Well 1,257.07,76.79,25.0,19.73,58.36,1800
06/23/2024 17:00,Well 1,251.09,79.7,25.0,20.61,56.63,1800
06/23/2024 18:00,Well 1,254.03,75.82,25.0,20.03,56.08,1800
06/23/2024 19:00,Well 1,248.03,76.03,25.0,20.34,54.08,1800
06/23/2024 20:00,Well 1,249.51,73.32,25.0,20.52,52.0,1800
06/23/2024 21:00,Well 1,250.65,72.82,25.0,20.04,53.12,1800
06/23/2024 22:00,Well 1,259.33,73.89,25.0,19.42,57.56,1800
06/23/2024 23:00,Well 1,254.1,77.29,25.0,20.5,55.88,1800
06/24/2024 00:00,Well 1,252.1,75.77,25.0,20.32,54.84,1800
06/24/2024 01:00,Well 1,253.24,74.73,25.0,19.69,56.06,1800
06/24/2024 02:00,Well 1,252.73,77.15,25.0,20.02,56.82,1800
06/24/2024 03:00,Well 1,245.73,75.34,25.0,19.14,56.44,1800
06/24/2024 04:00,Well 1,247.35,72.97,25.0,20.36,51.73,1800
06/24/2024 05:00,Well 1,255.32,73.26,25.0,19.79,55.13,1800
06/24/2024 06:00,Well 1,253.23,74.78,25.0,20.16,54.79,1800
06/24/2024 07:00,Well 1,258.97,71.57,25.0,19.33,55.92,1800
06/24/2024 08:00,Well 1,254.8,74.57,25.0,19.87,55.77,1800
06/24/2024 09:00,Well 1,260.09,74.74,25.0,20.03,56.6,1800
06/24/2024 10:00,Well 1,249.78,75.65,25.0,19.54,56.41,1800
06/24/2024 11:00,Well 1,253.25,74.89,25.0,20.55,53.83,1800
06/24/2024 12:00,Well 1,242.52,74.13,25.0,19.81,52.94,1800
06/24/2024 13:00,Well 1,248.22,77.84,25.0,20.37,55.34,1800
06/24/2024 14:00,Well 1,261.14,72.09,25.0,20.46,53.68,1800
06/24/2024 15:00,Well 1,239.82,71.81,25.0,20.87,50.0,1800
06/24/2024 16:00,Well 1,257.82,75.95,25.0,19.89,57.41,1800
06/24/2024 17:00,Well 1,263.98,77.37,25.0,19.71,60.46,1800
06/24/2024 18:00,Well 1,259.43,74.57,25.0,20.6,54.78,1800
06/24/2024 19:00,Well 1,249.01,77.11,25.0,19.99,56.04,1800
06/24/2024 20:00,Well 1,253.74,76.2,25.0,19.74,57.14,1800
06/24/2024 21:00,Well 1,252.69,76.81,25.0,19.81,57.15,1800
06/24/2024 22:00,Well 1,253.85,74.45,25.0,19.9,55.39,1800
06/24/2024 23:00,Well 1,248.47,79.27,25.0,19.67,58.41,1800
06/25/2024 00:00,Well 1,250.01,77.45,25.0,19.43,58.15,1800
06/25/2024 01:00,Well 1,241.57,77.71,25.0,19.71,55.56,1800
06/25/2024 02:00,Well 1,258.43,73.7,25.0,19.93,55.75,1800
06/25/2024 03:00,Well 1,255.47,76.5,25.0,19.72,57.8,1800
06/25/2024 04:00,Well 1,256.69,75.02,25.0,20.47,54.87,1800
06/25/2024 05:00,Well 1,246.79,77.28,25.0,20.07,55.42,1800
06/25/2024 06:00,Well 1,247.75,74.1,25.0,19.99,53.56,1800
06/25/2024 07:00,Well 1,264.5,74.57,25.0,20.17,57.05,1800
06/25/2024 08:00,Well 1,250.83,75.2,25.0,20.55,53.53,1800
06/25/2024 09:00,Well 1,259.12,75.5,25.0,20.58,55.45,1800
06/25/2024 10:00,Well 1,249.71,75.63,25.0,19.89,55.4,1800
06/25/2024 11:00,Well 1,259.42,78.25,25.0,19.53,60.65,1800
06/25/2024 12:00,Well 1,257.46,74.88,25.0,19.65,57.24,1800
06/25/2024 13:00,Well 1,250.54,73.37,25.0,19.71,54.4,1800
06/25/2024 14:00,Well 1,252.04,77.36,25.0,20.26,56.13,1800
06/25/2024 15:00,Well 1,248.24,76.07,25.0,20.14,54.68,1800
06/25/2024 16:00,Well 1,246.45,74.8,25.0,19.75,54.44,1800
06/25/2024 17:00,Well 1,255.0,72.92,25.0,20.46,53.01,1800
06/25/2024 18:00,Well 1,254.22,74.51,25.0,19.9,55.54,1800
06/25/2024 19:00,Well 1,248.57,75.8,25.0,19.81,55.48,1800
06/25/2024 20:00,Well 1,253.05,74.79,25.0,20.62,53.54,1800
06/25/2024 21:00,Well 1,255.79,73.55,25.0,19.93,55.06,1800
06/25/2024 22:00,Well 1,253.65,75.57,25.0,19.65,56.91,1800
06/25/2024 23:00,Well 1,246.33,75.7,25.0,20.34,53.47,1800
06/26/2024 00:00,Well 1,239.1,73.15,25.0,19.9,51.26,1800
06/26/2024 01:00,Well 1,245.11,78.77,25.0,20.75,54.27,1800
06/26/2024 02:00,Well 1,247.19,77.79,25.0,20.1,55.81,1800
06/26/2024 03:00,Well 1,243.59,76.74,25.0,19.21,56.76,1800
06/26/2024 04:00,Well 1,250.1,74.41,25.0,19.64,55.27,1800
06/26/2024 05:00,Well 1,252.46,75.65,25.0,20.05,55.58,1800
06/26/2024 06:00,Well 1,249.05,76.71,25.0,19.88,56.05,1800
06/26/2024 07:00,Well 1,254.17,73.48,25.0,20.21,53.91,1800
06/26/2024 08:00,Well 1,240.43,75.84,25.0,19.67,54.07,1800
06/26/2024 09:00,Well 1,257.43,75.07,25.0,19.94,56.54,1800
06/26/2024 10:00,Well 1,252.32,77.89,25.0,19.86,57.73,1800
06/26/2024 11:00,Well 1,248.21,75.1,25.0,20.23,53.74,1800
06/26/2024 12:00,Well 1,246.62,73.57,25.0,20.29,52.16,1800
06/26/2024 13:00,Well 1,253.65,75.45,25.0,20.15,55.39,1800
06/26/2024 14:00,Well 1,249.77,76.51,25.0,20.08,55.52,1800
06/26/2024 15:00,Well 1,248.53,71.66,25.0,19.6,53.01,1800
06/26/2024 16:00,Well 1,248.35,75.6,25.0,20.33,53.86,1800
06/26/2024 17:00,Well 1,239.23,76.72,25.0,20.54,52.12,1800
06/26/2024 18:00,Well 1,254.57,74.21,25.0,20.25,54.43,1800
06/26/2024 19:00,Well 1,242.5,73.45,25.0,19.85,52.33,1800
06/26/2024 20:00,Well 1,252.53,75.46,25.0,19.78,56.2,1800
06/26/2024 21:00,Well 1,250.05,75.13,25.0,20.4,53.72,1800
06/26/2024 22:00,Well 1,251.97,72.37,25.0,19.66,54.11,1800
06/26/2024 23:00,Well 1,248.46,78.94,25.0,20.14,56.81,1800
06/27/2024 00:00,Well 1,246.33,72.95,25.0,19.65,53.35,1800
06/27/2024 01:00,Well 1,255.31,76.01,25.0,19.45,58.19,1800
06/27/2024 02:00,Well 1,255.59,76.08,25.0,19.32,58.7,1800
06/27/2024 03:00,Well 1,264.73,73.0,25.0,21.13,53.35,1800
06/27/2024 04:00,Well 1,250.21,75.17,25.0,20.4,53.79,1800
06/27/2024 05:00,Well 1,250.95,73.89,25.0,19.39,55.78,1800
06/27/2024 06:00,Well 1,262.11,71.71,25.0,19.96,54.93,1800
06/27/2024 07:00,Well 1,251.37,78.3,25.0,20.06,57.25,1800
06/27/2024 08:00,Well 1,259.59,75.13,25.0,19.86,57.3,1800
06/27/2024 09:00,Well 1,251.68,73.84,25.0,19.79,54.78,1800
06/27/2024 10:00,Well 1,249.81,73.15,25.0,19.71,54.08,1800
06/27/2024 11:00,Well 1,253.04,77.41,25.0,19.89,57.45,1800
06/27/2024 12:00,Well 1,257.34,74.2,25.0,20.51,54.31,1800
06/27/2024 13:00,Well 1,242.67,70.86,25.0,20.35,50.0,1800
06/27/2024 14:00,Well 1,257.05,75.74,25.0,21.02,54.02,1800
06/27/2024 15:00,Well 1,251.74,78.58,25.0,19.64,58.75,1800
06/27/2024 16:00,Well 1,258.76,76.55,25.0,19.97,57.85,1800
06/27/2024 17:00,Well 1,255.42,74.69,25.0,19.98,55.7,1800
06/27/2024 18:00,Well 1,262.07,71.9,25.0,20.4,53.87,1800
06/27/2024 19:00,Well 1,256.02,78.44,25.0,19.49,60.11,1800
06/27/2024 20:00,Well 1,257.47,73.57,25.0,20.52,53.85,1800
06/27/2024 21:00,Well 1,251.36,77.15,25.0,20.45,55.3,1800
06/27/2024 22:00,Well 1,257.41,77.1,25.0,19.41,59.65,1800
06/27/2024 23:00,Well 1,254.85,74.93,25.0,20.06,55.54,1800
06/28/2024 00:00,Well 1,262.78,74.67,25.0,20.12,56.89,1800
06/28/2024 01:00,Well 1,250.53,78.25,25.0,20.27,56.42,1800
06/28/2024 02:00,Well 1,249.0,76.58,25.0,19.61,56.72,1800
06/28/2024 03:00,Well 1,246.0,74.44,25.0,19.86,53.78,1800
06/28/2024 04:00,Well 1,249.04,76.67,25.0,20.33,54.8,1800
06/28/2024 05:00,Well 1,253.6,77.88,25.0,19.44,59.27,1800
06/28/2024 06:00,Well 1,259.63,77.97,25.0,20.09,58.79,1800
06/28/2024 07:00,Well 1,255.9,70.63,25.0,20.14,52.36,1800
06/28/2024 08:00,Well 1,246.5,76.31,25.0,19.43,56.47,1800
06/28/2024 09:00,Well 1,259.48,76.58,25.0,20.07,57.75,1800
06/28/2024 10:00,Well 1,249.69,75.84,25.0,20.29,54.43,1800
06/28/2024 11:00,Well 1,258.91,75.06,25.0,19.41,58.41,1800
06/28/2024 12:00,Well 1,248.2,74.63,25.0,20.19,53.52,1800
06/28/2024 13:00,Well 1,246.79,70.24,25.0,20.12,50.26,1800
06/28/2024 14:00,Well 1,246.18,72.54,25.0,20.71,50.3,1800
06/28/2024 15:00,Well 1,251.39,76.62,25.0,19.72,56.99,1800
06/28/2024 16:00,Well 1,250.33,78.59,25.0,19.8,57.95,1800
06/28/2024 17:00,Well 1,256.24,77.0,25.0,20.78,55.4,1800
06/28/2024 18:00,Well 1,259.04,78.45,25.0,20.24,58.56,1800
06/28/2024 19:00,Well 1,250.4,77.14,25.0,18.46,61.03,1800
06/28/2024 20:00,Well 1,254.06,78.35,25.0,19.69,58.98,1800
06/28/2024 21:00,Well 1,264.78,75.09,25.0,20.01,57.96,1800
06/28/2024 22:00,Well 1,252.41,77.14,25.0,20.73,54.8,1800
06/28/2024 23:00,Well 1,257.39,77.03,25.0,19.84,58.3,1800
06/29/2024 00:00,Well 1,257.49,76.86,25.0,20.01,57.68,1800
06/29/2024 01:00,Well 1,252.45,76.36,25.0,19.87,56.6,1800
06/29/2024 02:00,Well 1,256.19,74.99,25.0,19.54,57.36,1800
06/29/2024 03:00,Well 1,245.93,74.2,25.0,20.71,51.41,1800
06/29/2024 04:00,Well 1,254.24,74.97,25.0,20.09,55.35,1800
06/29/2024 05:00,Well 1,240.89,75.74,25.0,20.26,52.53,1800
06/29/2024 06:00,Well 1,258.0,74.95,25.0,19.87,56.78,1800
06/29/2024 07:00,Well 1,249.67,77.4,25.0,20.35,55.39,1800
06/29/2024 08:00,Well 1,252.93,76.43,25.0,19.91,56.63,1800
06/29/2024 09:00,Well 1,252.55,72.6,25.0,20.12,53.15,1800
06/29/2024 10:00,Well 1,250.96,76.64,25.0,20.0,56.11,1800
06/29/2024 11:00,Well 1,244.78,75.73,25.0,20.2,53.53,1800
06/29/2024 12:00,Well 1,241.94,77.6,25.0,20.3,53.94,1800
06/29/2024 13:00,Well 1,251.41,77.67,25.0,20.11,56.65,1800
06/29/2024 14:00,Well 1,252.74,72.64,25.0,19.82,54.04,1800
06/29/2024 15:00,Well 1,254.47,73.84,25.0,20.7,52.95,1800
06/29/2024 16:00,Well 1,249.23,74.23,25.0,19.69,54.81,1800
06/29/2024 17:00,Well 1,256.85,75.52,25.0,20.71,54.64,1800
06/29/2024 18:00,Well 1,260.55,72.87,25.0,20.73,53.44,1800
06/29/2024 19:00,Well 1,252.24,76.73,25.0,19.35,58.35,1800
06/29/2024 20:00,Well 1,251.25,77.86,25.0,19.61,58.19,1800
06/29/2024 21:00,Well 1,257.05,75.11,25.0,19.96,56.43,1800
06/29/2024 22:00,Well 1,254.62,72.7,25.0,19.97,54.08,1800
06/29/2024 23:00,Well 1,258.57,78.17,25.0,19.72,59.8,1800
06/30/2024 00:00,Well 1,251.41,76.65,25.0,19.99,56.22,1800
06/30/2024 01:00,Well 1,247.42,72.07,25.0,20.24,51.39,1800
06/30/2024 02:00,Well 1,253.66,75.17,25.0,19.73,56.39,1800
06/30/2024 03:00,Well 1,247.48,75.39,25.0,19.46,55.93,1800
06/30/2024 04:00,Well 1,257.95,71.85,25.0,20.03,53.98,1800
06/30/2024 05:00,Well 1,240.96,77.61,25.0,19.6,55.66,1800
06/30/2024 06:00,Well 1,248.44,73.96,25.0,20.17,53.15,1800
06/30/2024 07:00,Well 1,243.69,76.66,25.0,20.15,54.09,1800
06/30/2024 08:00,Well 1,254.62,73.45,25.0,20.02,54.49,1800
06/30/2024 09:00,Well 1,252.37,72.83,25.0,20.67,51.87,1800
06/30/2024 10:00,Well 1,249.31,73.62,25.0,19.79,54.09,1800
06/30/2024 11:00,Well 1,252.04,74.33,25.0,20.35,53.71,1800
06/30/2024 12:00,Well 1,249.14,75.01,25.0,19.53,55.81,1800
06/30/2024 13:00,Well 1,252.8,75.28,25.0,20.22,54.9,1800
06/30/2024 14:00,Well 1,254.72,74.9,25.0,20.58,54.07,1800
06/30/2024 15:00,Well 1,256.64,76.7,25.0,19.8,58.0,1800
06/30/2024 16:00,Well 1,246.08,77.1,25.0,19.94,55.51,1800
06/30/2024 17:00,Well 1,256.33,74.09,25.0,20.47,54.13,1800
06/30/2024 18:00,Well 1,260.25,76.53,25.0,20.29,57.27,1800
06/30/2024 19:00,Well 1,254.33,75.23,25.0,20.59,54.2,1800
06/30/2024 20:00,Well 1,254.57,74.41,25.0,19.39,56.98,1800
06/30/2024 21:00,Well 1,254.24,74.29,25.0,19.48,56.58,1800
06/30/2024 22:00,Well 1,254.09,76.23,25.0,19.74,57.25,1800
06/30/2024 23:00,Well 1,254.84,75.62,25.0,19.7,57.05,1800
07/01/2024 00:00,Well 1,252.17,72.12,25.0,19.82,53.52,1800
07/01/2024 01:00,Well 1,260.52,72.27,25.0,20.53,53.5,1800
07/01/2024 02:00,Well 1,247.4,73.89,25.0,20.01,53.28,1800
07/01/2024 03:00,Well 1,254.32,77.21,25.0,19.78,57.91,1800
07/01/2024 04:00,Well 1,259.45,77.54,25.0,19.95,58.83,1800
07/01/2024 05:00,Well 1,248.12,77.0,25.0,21.52,51.78,1800
07/01/2024 06:00,Well 1,250.15,73.7,25.0,20.69,51.97,1800
07/01/2024 07:00,Well 1,250.24,70.11,25.0,19.8,51.7,1800
07/01/2024 08:00,Well 1,254.67,76.69,25.0,20.41,55.83,1800
07/01/2024 09:00,Well 1,245.97,76.81,25.0,20.1,54.83,1800
07/01/2024 10:00,Well 1,252.61,76.01,25.0,20.66,54.2,1800
07/01/2024 11:00,Well 1,258.85,72.17,25.0,20.47,53.25,1800
07/01/2024 12:00,Well 1,251.35,75.39,25.0,19.3,57.28,1800
07/01/2024 13:00,Well 1,242.79,75.54,25.0,19.78,54.09,1800
07/01/2024 14:00,Well 1,258.03,70.93,25.0,20.16,52.96,1800
07/01/2024 15:00,Well 1,257.51,71.81,25.0,19.54,55.19,1800
07/01/2024 16:00,Well 1,253.04,74.24,25.0,20.15,54.39,1800
07/01/2024 17:00,Well 1,257.64,75.02,25.0,20.61,54.69,1800
07/01/2024 18:00,Well 1,256.6,71.64,25.0,20.65,51.94,1800
07/01/2024 19:00,Well 1,257.27,76.23,25.0,19.67,58.15,1800
07/01/2024 20:00,Well 1,257.27,77.03,25.0,20.08,57.59,1800
07/01/2024 21:00,Well 1,247.72,76.89,25.0,20.19,55.04,1800
07/01/2024 22:00,Well 1,250.02,73.68,25.0,19.94,53.89,1800
07/01/2024 23:00,Well 1,252.22,74.04,25.0,20.24,53.81,1800
07/02/2024 00:00,Well 1,258.56,71.58,25.0,19.87,54.34,1800
07/02/2024 01:00,Well 1,258.1,76.64,25.0,20.34,56.71,1800
07/02/2024 02:00,Well 1,250.4,78.2,25.0,19.9,57.4,1800
07/02/2024 03:00,Well 1,258.08,77.7,25.0,20.57,56.86,1800
07/02/2024 04:00,Well 1,246.48,75.35,25.0,20.04,54.05,1800
07/02/2024 05:00,Well 1,249.02,75.1,25.0,20.39,53.5,1800
07/02/2024 06:00,Well 1,258.07,77.5,25.0,20.57,56.73,1800
07/02/2024 07:00,Well 1,243.75,76.52,25.0,19.73,55.15,1800
07/02/2024 08:00,Well 1,257.03,72.17,25.0,20.28,53.37,1800
07/02/2024 09:00,Well 1,253.16,76.61,25.0,19.99,56.59,1800
07/02/2024 10:00,Well 1,239.61,76.85,25.0,19.33,55.56,1800
07/02/2024 11:00,Well 1,251.15,76.93,25.0,19.75,57.08,1800
07/02/2024 12:00,Well 1,254.82,75.16,25.0,20.77,53.79,1800
07/02/2024 13:00,Well 1,250.41,74.6,25.0,19.65,55.46,1800
07/02/2024 14:00,Well 1,254.44,72.86,25.0,20.27,53.35,1800
07/02/2024 15:00,Well 1,249.96,75.07,25.0,19.45,56.27,1800
07/02/2024 16:00,Well 1,250.5,74.13,25.0,19.93,54.36,1800
07/02/2024 17:00,Well 1,255.26,73.97,25.0,19.79,55.67,1800
07/02/2024 18:00,Well 1,250.58,75.06,25.0,20.04,54.74,1800
07/02/2024 19:00,Well 1,262.56,73.15,25.0,19.48,57.5,1800
07/02/2024 20:00,Well 1,251.48,75.89,25.0,19.9,55.95,1800
07/02/2024 21:00,Well 1,249.54,76.59,25.0,19.46,57.29,1800
07/02/2024 22:00,Well 1,248.46,73.45,25.0,19.18,55.49,1800
07/02/2024 23:00,Well 1,260.7,70.61,25.0,19.73,54.42,1800
07/03/2024 00:00,Well 1,242.81,78.0,25.0,19.96,55.36,1800
07/03/2024 01:00,Well 1,252.03,74.63,25.0,19.87,55.23,1800
07/03/2024 02:00,Well 1,253.78,77.57,25.0,19.88,57.77,1800
07/03/2024 03:00,Well 1,252.28,73.29,25.0,20.02,53.88,1800
07/03/2024 04:00,Well 1,257.29,76.68,25.0,20.43,56.34,1800
07/03/2024 05:00,Well 1,252.32,71.93,25.0,18.92,55.97,1800
07/03/2024 06:00,Well 1,254.2,76.59,25.0,19.58,58.0,1800
07/03/2024 07:00,Well 1,243.05,77.26,25.0,20.38,53.75,1800
07/03/2024 08:00,Well 1,246.51,75.99,25.0,20.85,52.41,1800
07/03/2024 09:00,Well 1,251.3,76.35,25.0,19.9,56.25,1800
07/03/2024 10:00,Well 1,252.51,76.8,25.0,20.44,55.34,1800
07/03/2024 11:00,Well 1,250.01,75.73,25.0,20.37,54.23,1800
07/03/2024 12:00,Well 1,244.95,74.28,25.0,19.9,53.35,1800
07/03/2024 13:00,Well 1,249.78,78.12,25.0,19.93,57.13,1800
07/03/2024 14:00,Well 1,257.62,75.91,25.0,20.26,56.29,1800
07/03/2024 15:00,Well 1,259.06,76.38,25.0,19.75,58.44,1800
07/03/2024 16:00,Well 1,255.96,77.35,25.0,19.95,57.89,1800
07/03/2024 17:00,Well 1,258.6,75.76,25.0,19.75,57.87,1800
07/03/2024 18:00,Well 1,252.64,79.54,25.0,19.88,58.96,1800
07/03/2024 19:00,Well 1,247.25,74.47,25.0,20.43,52.57,1800
07/03/2024 20:00,Well 1,251.91,73.25,25.0,20.45,52.62,1800
07/03/2024 21:00,Well 1,254.82,75.44,25.0,20.28,55.3,1800
07/03/2024 22:00,Well 1,251.73,76.81,25.0,19.36,58.27,1800
07/03/2024 23:00,Well 1,257.91,74.37,25.0,19.76,56.62,1800
07/04/2024 00:00,Well 1,260.99,75.31,25.0,19.74,58.08,1800
07/04/2024 01:00,Well 1,248.09,72.23,25.0,20.62,50.69,1800
07/04/2024 02:00,Well 1,254.54,73.33,25.0,19.71,55.25,1800
07/04/2024 03:00,Well 1,253.49,73.73,25.0,19.62,55.57,1800
07/04/2024 04:00,Well 1,258.86,73.75,25.0,19.32,57.64,1800
07/04/2024 05:00,Well 1,248.3,71.94,25.0,19.65,53.04,1800
07/04/2024 06:00,Well 1,257.21,76.62,25.0,20.46,56.19,1800
07/04/2024 07:00,Well 1,254.34,75.45,25.0,21.18,52.86,1800
07/04/2024 08:00,Well 1,249.45,75.32,25.0,20.02,54.74,1800
07/04/2024 09:00,Well 1,251.32,75.43,25.0,20.13,54.92,1800
07/04/2024 10:00,Well 1,258.52,77.27,25.0,20.23,57.61,1800
07/04/2024 11:00,Well 1,245.21,75.2,25.0,20.08,53.57,1800
07/04/2024 12:00,Well 1,245.75,75.98,25.0,19.78,55.06,1800
07/04/2024 13:00,Well 1,249.78,76.4,25.0,20.92,53.21,1800
07/04/2024 14:00,Well 1,253.12,75.66,25.0,19.36,57.7,1800
07/04/2024 15:00,Well 1,253.58,77.0,25.0,20.06,56.79,1800
07/04/2024 16:00,Well 1,249.1,72.72,25.0,19.4,54.47,1800
07/04/2024 17:00,Well 1,237.43,74.94,25.0,20.68,50.19,1800
07/04/2024 18:00,Well 1,259.54,75.99,25.0,20.54,56.02,1800
07/04/2024 19:00,Well 1,261.01,73.68,25.0,20.32,55.21,1800
07/04/2024 20:00,Well 1,244.42,72.34,25.0,20.48,50.37,1800
07/04/2024 21:00,Well 1,241.22,75.08,25.0,20.07,52.65,1800
07/04/2024 22:00,Well 1,246.91,79.25,25.0,19.52,58.47,1800
07/04/2024 23:00,Well 1,262.44,76.02,25.0,20.03,58.12,1800
07/05/2024 00:00,Well 1,256.92,76.84,25.0,19.94,57.76,1800
07/05/2024 01:00,Well 1,254.39,71.83,25.0,19.7,54.12,1800
07/05/2024 02:00,Well 1,252.56,75.66,25.0,19.59,56.89,1800
07/05/2024 03:00,Well 1,249.91,75.03,25.0,19.8,55.24,1800
07/05/2024 04:00,Well 1,252.76,70.85,25.0,20.97,50.0,1800
07/05/2024 05:00,Well 1,255.58,74.13,25.0,21.02,52.59,1800
07/05/2024 06:00,Well 1,253.49,76.39,25.0,20.36,55.49,1800
07/05/2024 07:00,Well 1,253.94,76.17,25.0,19.49,57.91,1800
07/05/2024 08:00,Well 1,259.59,75.51,25.0,20.22,56.56,1800
07/05/2024 09:00,Well 1,248.39,73.38,25.0,19.8,53.71,1800
07/05/2024 10:00,Well 1,256.0,74.47,25.0,19.94,55.76,1800
07/05/2024 11:00,Well 1,246.86,77.07,25.0,20.29,54.71,1800
07/05/2024 12:00,Well 1,251.71,74.9,25.0,19.36,56.81,1800
07/05/2024 13:00,Well 1,246.27,76.09,25.0,19.56,55.88,1800
07/05/2024 14:00,Well 1,250.41,73.91,25.0,20.55,52.54,1800
07/05/2024 15:00,Well 1,254.38,77.33,25.0,20.16,56.93,1800
07/05/2024 16:00,Well 1,253.73,75.06,25.0,20.49,54.21,1800
07/05/2024 17:00,Well 1,247.56,77.96,25.0,19.31,58.3,1800
07/05/2024 18:00,Well 1,242.0,74.84,25.0,20.03,52.75,1800
07/05/2024 19:00,Well 1,251.8,74.28,25.0,19.7,55.37,1800
07/05/2024 20:00,Well 1,249.48,78.06,25.0,20.16,56.35,1800
07/05/2024 21:00,Well 1,259.42,76.69,25.0,20.37,56.96,1800
07/05/2024 22:00,Well 1,255.85,73.79,25.0,20.63,53.39,1800
07/05/2024 23:00,Well 1,247.54,74.98,25.0,19.86,54.52,1800
07/06/2024 00:00,Well 1,251.21,75.78,25.0,20.65,53.76,1800
07/06/2024 01:00,Well 1,258.22,75.62,25.0,19.9,57.24,1800
07/06/2024 02:00,Well 1,251.38,75.62,25.0,20.22,54.85,1800
07/06/2024 03:00,Well 1,262.33,76.31,25.0,19.72,59.23,1800
07/06/2024 04:00,Well 1,256.79,74.9,25.0,19.95,56.24,1800
07/06/2024 05:00,Well 1,250.28,72.22,25.0,20.03,52.65,1800
07/06/2024 06:00,Well 1,259.72,73.99,25.0,20.32,55.17,1800
07/06/2024 07:00,Well 1,261.99,74.84,25.0,19.57,58.43,1800
07/06/2024 08:00,Well 1,251.21,74.49,25.0,19.49,56.01,1800
07/06/2024 09:00,Well 1,254.06,76.95,25.0,19.91,57.29,1800
07/06/2024 10:00,Well 1,265.87,80.06,25.0,19.83,62.6,1800
07/06/2024 11:00,Well 1,247.97,75.27,25.0,19.18,56.77,1800
07/06/2024 12:00,Well 1,245.05,76.74,25.0,20.37,53.86,1800
07/06/2024 13:00,Well 1,261.06,78.88,25.0,20.47,58.68,1800
07/06/2024 14:00,Well 1,246.69,77.07,25.0,20.95,52.94,1800
07/06/2024 15:00,Well 1,246.96,75.29,25.0,20.2,53.7,1800
07/06/2024 16:00,Well 1,246.22,75.57,25.0,19.77,54.9,1800
07/06/2024 17:00,Well 1,253.04,77.67,25.0,20.05,57.18,1800
07/06/2024 18:00,Well 1,246.43,75.45,25.0,19.8,54.78,1800
07/06/2024 19:00,Well 1,259.49,77.43,25.0,19.94,58.79,1800
07/06/2024 20:00,Well 1,253.76,76.39,25.0,20.37,55.52,1800
07/06/2024 21:00,Well 1,252.63,75.56,25.0,19.36,57.52,1800
07/06/2024 22:00,Well 1,248.5,75.82,25.0,19.84,55.41,1800
07/06/2024 23:00,Well 1,251.39,77.08,25.0,20.07,56.33,1800
07/07/2024 00:00,Well 1,255.47,71.74,25.0,19.9,53.74,1800
07/07/2024 01:00,Well 1,250.0,75.26,25.0,20.8,52.75,1800
07/07/2024 02:00,Well 1,256.45,75.65,25.0,20.36,55.58,1800
07/07/2024 03:00,Well 1,241.87,75.1,25.0,20.26,52.29,1800
07/07/2024 04:00,Well 1,252.01,73.97,25.0,20.13,54.02,1800
07/07/2024 05:00,Well 1,257.05,73.46,25.0,20.04,54.96,1800
07/07/2024 06:00,Well 1,255.57,79.02,25.0,20.45,57.61,1800
07/07/2024 07:00,Well 1,255.72,74.84,25.0,19.23,58.06,1800
07/07/2024 08:00,Well 1,249.98,74.69,25.0,18.54,58.75,1800
07/07/2024 09:00,Well 1,253.12,75.94,25.0,19.83,56.53,1800
07/07/2024 10:00,Well 1,255.56,71.68,25.0,20.15,53.03,1800
07/07/2024 11:00,Well 1,248.07,75.0,25.0,20.75,52.31,1800
07/07/2024 12:00,Well 1,248.45,75.98,25.0,20.1,54.79,1800
07/07/2024 13:00,Well 1,241.71,72.54,25.0,20.11,50.86,1800
07/07/2024 14:00,Well 1,248.78,77.81,25.0,20.23,55.83,1800
07/07/2024 15:00,Well 1,257.37,73.63,25.0,19.96,55.38,1800
07/07/2024 16:00,Well 1,247.61,73.85,25.0,20.16,52.91,1800
07/07/2024 17:00,Well 1,252.52,77.48,25.0,19.76,57.75,1800
07/07/2024 18:00,Well 1,247.84,75.19,25.0,19.94,54.51,1800
07/07/2024 19:00,Well 1,259.67,74.29,25.0,20.34,55.32,1800
07/07/2024 20:00,Well 1,258.28,79.46,25.0,19.61,61.04,1800
07/07/2024 21:00,Well 1,249.13,78.12,25.0,20.21,56.19,1800
07/07/2024 22:00,Well 1,250.87,72.7,25.0,19.85,53.58,1800
07/07/2024 23:00,Well 1,246.65,73.3,25.0,19.02,55.45,1800
07/08/2024 00:00,Well 1,244.52,75.56,25.0,19.53,55.19,1800
07/08/2024 01:00,Well 1,248.06,77.99,25.0,20.48,55.11,1800
07/08/2024 02:00,Well 1,240.22,72.63,25.0,19.89,51.16,1800
07/08/2024 03:00,Well 1,258.46,76.72,25.0,20.82,55.55,1800
07/08/2024 04:00,Well 1,253.84,76.83,25.0,20.51,55.47,1800
07/08/2024 05:00,Well 1,257.37,72.77,25.0,20.23,54.01,1800
07/08/2024 06:00,Well 1,249.26,75.2,25.0,19.84,55.11,1800
07/08/2024 07:00,Well 1,253.53,75.23,25.0,20.4,54.55,1800
07/08/2024 08:00,Well 1,250.09,75.79,25.0,20.16,54.83,1800
07/08/2024 09:00,Well 1,255.48,75.86,25.0,20.08,56.3,1800
07/08/2024 10:00,Well 1,249.85,75.13,25.0,19.62,55.82,1800
07/08/2024 11:00,Well 1,245.89,72.49,25.0,20.21,51.45,1800
07/08/2024 12:00,Well 1,259.34,76.0,25.0,19.53,58.88,1800
07/08/2024 13:00,Well 1,254.53,72.83,25.0,19.95,54.2,1800
07/08/2024 14:00,Well 1,251.66,74.65,25.0,20.54,53.34,1800
07/08/2024 15:00,Well 1,256.57,75.96,25.0,19.42,58.54,1800
07/08/2024 16:00,Well 1,249.28,71.46,25.0,19.63,52.94,1800
07/08/2024 17:00,Well 1,239.14,73.25,25.0,20.07,50.92,1800
07/08/2024 18:00,Well 1,255.31,76.38,25.0,20.16,56.43,1800
07/08/2024 19:00,Well 1,248.73,75.41,25.0,20.54,53.27,1800
07/08/2024 20:00,Well 1,260.55,76.08,25.0,18.94,61.04,1800
07/08/2024 21:00,Well 1,257.34,72.28,25.0,19.73,55.0,1800
07/08/2024 22:00,Well 1,250.19,74.76,25.0,19.76,55.22,1800
07/08/2024 23:00,Well 1,248.16,76.14,25.0,20.27,54.39,1800
07/09/2024 00:00,Well 1,251.14,75.35,25.0,19.53,56.53,1800
07/09/2024 01:00,Well 1,248.92,77.21,25.0,19.98,56.1,1800
07/09/2024 02:00,Well 1,255.02,74.01,25.0,20.0,55.06,1800
07/09/2024 03:00,Well 1,249.07,72.2,25.0,20.18,51.97,1800
07/09/2024 04:00,Well 1,255.07,76.49,25.0,20.15,56.48,1800
07/09/2024 05:00,Well 1,248.29,74.61,25.0,19.9,54.3,1800
07/09/2024 06:00,Well 1,249.49,75.31,25.0,20.07,54.61,1800
07/09/2024 07:00,Well 1,249.94,74.78,25.0,19.84,54.96,1800
07/09/2024 08:00,Well 1,255.61,73.09,25.0,19.98,54.55,1800
07/09/2024 09:00,Well 1,251.53,74.95,25.0,19.92,55.2,1800
07/09/2024 10:00,Well 1,252.65,74.6,25.0,20.07,54.78,1800
07/09/2024 11:00,Well 1,265.62,75.47,25.0,20.48,57.1,1800
07/09/2024 12:00,Well 1,253.72,73.56,25.0,20.66,52.69,1800
07/09/2024 13:00,Well 1,248.84,73.77,25.0,19.65,54.5,1800
07/09/2024 14:00,Well 1,259.04,78.28,25.0,19.63,60.26,1800
07/09/2024 15:00,Well 1,253.19,78.17,25.0,20.5,56.3,1800
07/09/2024 16:00,Well 1,249.14,76.69,25.0,20.36,54.75,1800
07/09/2024 17:00,Well 1,247.39,78.31,25.0,20.15,56.08,1800
07/09/2024 18:00,Well 1,250.2,78.08,25.0,19.37,58.83,1800
07/09/2024 19:00,Well 1,248.85,75.67,25.0,19.94,55.07,1800
07/09/2024 20:00,Well 1,250.75,75.9,25.0,20.16,55.06,1800
07/09/2024 21:00,Well 1,254.28,74.45,25.0,19.8,55.76,1800
07/09/2024 22:00,Well 1,253.38,75.56,25.0,19.57,57.08,1800
07/09/2024 23:00,Well 1,260.58,74.52,25.0,20.05,56.49,1800
07/10/2024 00:00,Well 1,257.09,75.82,25.0,19.71,57.69,1800
07/10/2024 01:00,Well 1,246.92,77.91,25.0,19.72,56.91,1800
07/10/2024 02:00,Well 1,245.58,73.99,25.0,20.24,52.36,1800
07/10/2024 03:00,Well 1,256.05,74.36,25.0,19.55,56.82,1800
07/10/2024 04:00,Well 1,251.71,74.3,25.0,19.95,54.69,1800
07/10/2024 05:00,Well 1,248.01,78.29,25.0,20.37,55.6,1800
07/10/2024 06:00,Well 1,250.93,73.71,25.0,19.94,54.1,1800
07/10/2024 07:00,Well 1,252.74,76.13,25.0,19.86,56.52,1800
07/10/2024 08:00,Well 1,241.17,75.0,25.0,20.14,52.4,1800
07/10/2024 09:00,Well 1,248.16,72.22,25.0,20.26,51.59,1800
07/10/2024 10:00,Well 1,250.09,74.3,25.0,19.1,56.74,1800
07/10/2024 11:00,Well 1,246.19,71.96,25.0,20.41,50.63,1800
07/10/2024 12:00,Well 1,253.98,73.38,25.0,20.13,54.02,1800
07/10/2024 13:00,Well 1,256.61,73.8,25.0,20.29,54.45,1800
07/10/2024 14:00,Well 1,250.05,73.76,25.0,20.67,52.04,1800
07/10/2024 15:00,Well 1,252.49,76.76,25.0,19.62,57.64,1800
07/10/2024 16:00,Well 1,246.06,76.81,25.0,19.29,57.15,1800
07/10/2024 17:00,Well 1,253.99,75.91,25.0,20.37,55.22,1800
07/10/2024 18:00,Well 1,258.14,71.3,25.0,20.56,52.21,1800
07/10/2024 19:00,Well 1,258.71,73.91,25.0,19.76,56.46,1800
07/10/2024 20:00,Well 1,247.99,76.66,25.0,19.92,55.66,1800
07/10/2024 21:00,Well 1,247.35,75.94,25.0,20.04,54.68,1800
07/10/2024 22:00,Well 1,255.26,75.85,25.0,19.95,56.61,1800
07/10/2024 23:00,Well 1,252.91,78.48,25.0,19.63,58.96,1800
07/11/2024 00:00,Well 1,249.54,76.82,25.0,19.78,56.53,1800
07/11/2024 01:00,Well 1,241.23,74.51,25.0,19.67,53.32,1800
07/11/2024 02:00,Well 1,248.47,74.28,25.0,20.58,52.32,1800
07/11/2024 03:00,Well 1,260.48,73.86,25.0,20.35,55.14,1800
07/11/2024 04:00,Well 1,247.79,76.17,25.0,19.44,56.63,1800
07/11/2024 05:00,Well 1,247.98,75.0,25.0,19.77,54.87,1800
07/11/2024 06:00,Well 1,252.63,74.69,25.0,19.85,55.44,1800
07/11/2024 07:00,Well 1,252.5,73.66,25.0,20.74,52.31,1800
07/11/2024 08:00,Well 1,243.3,74.42,25.0,20.71,51.0,1800
07/11/2024 09:00,Well 1,254.51,75.71,25.0,19.77,56.86,1800
07/11/2024 10:00,Well 1,256.09,78.37,25.0,19.09,61.32,1800
07/11/2024 11:00,Well 1,247.68,74.04,25.0,20.47,52.26,1800
07/11/2024 12:00,Well 1,250.97,74.1,25.0,20.6,52.67,1800
07/11/2024 13:00,Well 1,251.84,75.83,25.0,20.33,54.81,1800
07/11/2024 14:00,Well 1,249.16,75.69,25.0,19.62,56.08,1800
07/11/2024 15:00,Well 1,247.83,75.6,25.0,20.81,52.52,1800
07/11/2024 16:00,Well 1,246.02,75.85,25.0,20.64,52.73,1800
07/11/2024 17:00,Well 1,242.58,75.32,25.0,19.81,53.82,1800
07/11/2024 18:00,Well 1,251.71,76.16,25.0,19.77,56.55,1800
07/11/2024 19:00,Well 1,248.48,76.45,25.0,20.58,53.84,1800
07/11/2024 20:00,Well 1,255.24,77.37,25.0,20.25,56.89,1800
07/11/2024 21:00,Well 1,257.3,74.92,25.0,20.05,56.09,1800
07/11/2024 22:00,Well 1,256.89,76.07,25.0,19.94,57.17,1800
07/11/2024 23:00,Well 1,248.48,74.21,25.0,20.87,51.53,1800
07/12/2024 00:00,Well 1,254.41,76.76,25.0,20.38,55.89,1800
07/12/2024 01:00,Well 1,254.88,72.46,25.0,19.96,53.98,1800
07/12/2024 02:00,Well 1,243.55,72.28,25.0,19.25,53.35,1800
07/12/2024 03:00,Well 1,253.4,76.82,25.0,20.24,56.09,1800
07/12/2024 04:00,Well 1,241.59,77.79,25.0,20.07,54.62,1800
07/12/2024 05:00,Well 1,256.11,73.93,25.0,20.08,55.0,1800
07/12/2024 06:00,Well 1,253.49,75.67,25.0,20.2,55.4,1800
07/12/2024 07:00,Well 1,247.02,76.38,25.0,20.05,54.88,1800
07/12/2024 08:00,Well 1,245.58,77.4,25.0,19.45,57.01,1800
07/12/2024 09:00,Well 1,251.71,77.77,25.0,19.87,57.48,1800
07/12/2024 10:00,Well 1,254.57,76.69,25.0,20.7,55.03,1800
07/12/2024 11:00,Well 1,246.72,75.46,25.0,20.45,53.1,1800
07/12/2024 12:00,Well 1,243.22,77.93,25.0,20.54,53.84,1800
07/12/2024 13:00,Well 1,244.59,77.5,25.0,20.57,53.75,1800
07/12/2024 14:00,Well 1,249.23,73.83,25.0,20.47,52.45,1800
07/12/2024 15:00,Well 1,242.2,76.86,25.0,19.64,55.3,1800
07/12/2024 16:00,Well 1,245.4,75.01,25.0,21.0,51.13,1800
07/12/2024 17:00,Well 1,247.8,75.65,25.0,20.53,53.26,1800
07/12/2024 18:00,Well 1,248.08,74.58,25.0,20.47,52.72,1800
07/12/2024 19:00,Well 1,254.57,73.02,25.0,20.1,53.93,1800
07/12/2024 20:00,Well 1,240.3,79.86,25.0,20.21,55.38,1800
07/12/2024 21:00,Well 1,253.44,77.16,25.0,19.97,57.13,1800
07/12/2024 22:00,Well 1,254.1,78.54,25.0,20.23,57.54,1800
07/12/2024 23:00,Well 1,242.36,78.24,25.0,20.16,54.86,1800
07/13/2024 00:00,Well 1,247.33,77.4,25.0,19.87,56.19,1800
07/13/2024 01:00,Well 1,251.41,79.8,25.0,20.77,56.34,1800
07/13/2024 02:00,Well 1,247.02,74.87,25.0,19.99,53.96,1800
07/13/2024 03:00,Well 1,242.95,75.38,25.0,19.77,54.03,1800
07/13/2024 04:00,Well 1,239.76,81.18,25.0,20.17,56.28,1800
07/13/2024 05:00,Well 1,251.99,77.56,25.0,19.84,57.45,1800
07/13/2024 06:00,Well 1,243.31,79.8,25.0,20.63,54.91,1800
07/13/2024 07:00,Well 1,248.9,77.09,25.0,20.77,53.9,1800
07/13/2024 08:00,Well 1,242.01,77.6,25.0,20.6,53.18,1800
07/13/2024 09:00,Well 1,242.54,77.97,25.0,20.93,52.72,1800
07/13/2024 10:00,Well 1,258.23,76.19,25.0,20.41,56.24,1800
07/13/2024 11:00,Well 1,249.6,75.69,25.0,20.5,53.75,1800
07/13/2024 12:00,Well 1,251.52,77.01,25.0,20.36,55.48,1800
07/13/2024 13:00,Well 1,246.31,77.07,25.0,19.64,56.38,1800
07/13/2024 14:00,Well 1,246.29,77.32,25.0,20.51,54.16,1800
07/13/2024 15:00,Well 1,244.4,76.53,25.0,20.24,53.9,1800
07/13/2024 16:00,Well 1,245.46,76.04,25.0,20.58,52.91,1800
07/13/2024 17:00,Well 1,244.11,77.25,25.0,20.68,53.19,1800
07/13/2024 18:00,Well 1,242.37,76.43,25.0,21.31,50.7,1800
07/13/2024 19:00,Well 1,239.81,77.75,25.0,20.69,52.57,1800
07/13/2024 20:00,Well 1,248.43,80.46,25.0,19.84,58.77,1800
07/13/2024 21:00,Well 1,245.73,75.56,25.0,20.69,52.36,1800
07/13/2024 22:00,Well 1,252.44,80.78,25.0,20.89,56.96,1800
07/13/2024 23:00,Well 1,255.39,76.96,25.0,20.73,55.31,1800
07/14/2024 00:00,Well 1,243.26,78.31,25.0,20.05,55.41,1800
07/14/2024 01:00,Well 1,242.65,77.45,25.0,20.0,54.82,1800
07/14/2024 02:00,Well 1,250.86,74.69,25.0,20.47,53.4,1800
07/14/2024 03:00,Well 1,248.05,79.01,25.0,20.29,56.34,1800
07/14/2024 04:00,Well 1,246.17,73.81,25.0,20.71,51.18,1800
07/14/2024 05:00,Well 1,239.41,76.03,25.0,20.68,51.35,1800
07/14/2024 06:00,Well 1,243.64,75.87,25.0,20.17,53.47,1800
07/14/2024 07:00,Well 1,248.92,76.57,25.0,19.89,55.91,1800
07/14/2024 08:00,Well 1,244.33,80.2,25.0,20.87,54.77,1800
07/14/2024 09:00,Well 1,245.7,77.41,25.0,20.26,54.77,1800
07/14/2024 10:00,Well 1,241.66,75.37,25.0,19.92,53.33,1800
07/14/2024 11:00,Well 1,256.91,75.38,25.0,20.52,55.05,1800
07/14/2024 12:00,Well 1,239.72,80.64,25.0,20.17,55.9,1800
07/14/2024 13:00,Well 1,234.75,74.28,25.0,20.67,50.0,1800
07/14/2024 14:00,Well 1,234.09,79.08,25.0,20.53,52.61,1800
07/14/2024 15:00,Well 1,253.58,78.04,25.0,20.37,56.67,1800
07/14/2024 16:00,Well 1,242.06,77.87,25.0,20.97,52.43,1800
07/14/2024 17:00,Well 1,241.97,77.75,25.0,21.11,51.99,1800
07/14/2024 18:00,Well 1,237.54,76.97,25.0,20.7,51.51,1800
07/14/2024 19:00,Well 1,243.83,79.88,25.0,20.93,54.28,1800
07/14/2024 20:00,Well 1,237.96,80.73,25.0,20.31,55.17,1800
07/14/2024 21:00,Well 1,237.98,79.57,25.0,20.53,53.8,1800
07/14/2024 22:00,Well 1,245.36,79.45,25.0,20.35,55.88,1800
07/14/2024 23:00,Well 1,244.81,77.63,25.0,20.8,53.31,1800
07/15/2024 00:00,Well 1,240.88,79.79,25.0,20.52,54.64,1800
07/15/2024 01:00,Well 1,234.54,82.03,25.0,20.96,53.54,1800
07/15/2024 02:00,Well 1,244.43,76.24,25.0,20.38,53.35,1800
07/15/2024 03:00,Well 1,242.69,79.98,25.0,20.43,55.41,1800
07/15/2024 04:00,Well 1,241.51,79.65,25.0,20.81,53.93,1800
07/15/2024 05:00,Well 1,253.65,80.42,25.0,19.88,59.85,1800
07/15/2024 06:00,Well 1,245.56,80.97,25.0,20.28,57.2,1800
07/15/2024 07:00,Well 1,245.51,77.54,25.0,20.65,53.77,1800
07/15/2024 08:00,Well 1,239.81,81.71,25.0,20.88,54.75,1800
07/15/2024 09:00,Well 1,233.88,76.27,25.0,20.66,50.37,1800
07/15/2024 10:00,Well 1,244.67,80.01,25.0,19.4,58.86,1800
07/15/2024 11:00,Well 1,246.63,78.94,25.0,21.58,52.62,1800
07/15/2024 12:00,Well 1,236.01,78.19,25.0,20.28,53.09,1800
07/15/2024 13:00,Well 1,241.56,76.61,25.0,20.71,52.13,1800
07/15/2024 14:00,Well 1,235.86,76.34,25.0,20.95,50.12,1800
07/15/2024 15:00,Well 1,231.82,80.82,25.0,21.2,51.56,1800
07/15/2024 16:00,Well 1,233.62,81.02,25.0,19.93,55.4,1800
07/15/2024 17:00,Well 1,235.77,77.53,25.0,20.44,52.17,1800
07/15/2024 18:00,Well 1,246.68,79.66,25.0,20.14,56.92,1800
07/15/2024 19:00,Well 1,248.26,79.6,25.0,20.86,55.25,1800
07/15/2024 20:00,Well 1,241.19,80.45,25.0,20.37,55.58,1800
07/15/2024 21:00,Well 1,242.82,78.83,25.0,20.57,54.29,1800
07/15/2024 22:00,Well 1,237.9,77.58,25.0,20.13,53.49,1800
07/15/2024 23:00,Well 1,240.54,78.47,25.0,20.27,54.31,1800
07/16/2024 00:00,Well 1,239.04,80.01,25.0,21.08,52.91,1800
07/16/2024 01:00,Well 1,230.76,80.62,25.0,20.52,52.89,1800
07/16/2024 02:00,Well 1,239.31,77.18,25.0,20.16,53.43,1800
07/16/2024 03:00,Well 1,236.07,80.07,25.0,20.84,52.91,1800
07/16/2024 04:00,Well 1,235.97,77.63,25.0,20.7,51.62,1800
07/16/2024 05:00,Well 1,241.39,79.5,25.0,20.87,53.65,1800
07/16/2024 06:00,Well 1,238.09,77.49,25.0,20.74,51.9,1800
07/16/2024 07:00,Well 1,235.48,79.36,25.0,21.06,51.76,1800
07/16/2024 08:00,Well 1,243.65,81.15,25.0,20.8,55.46,1800
07/16/2024 09:00,Well 1,237.99,77.34,25.0,20.74,51.78,1800
07/16/2024 10:00,Well 1,242.16,77.73,25.0,19.22,57.12,1800
07/16/2024 11:00,Well 1,234.43,80.38,25.0,20.67,53.18,1800
07/16/2024 12:00,Well 1,245.29,80.1,25.0,20.88,54.9,1800
07/16/2024 13:00,Well 1,247.07,80.86,25.0,20.79,56.04,1800
07/16/2024 14:00,Well 1,241.82,78.67,25.0,20.33,54.6,1800
07/16/2024 15:00,Well 1,239.45,78.3,25.0,20.93,52.24,1800
07/16/2024 16:00,Well 1,235.74,77.89,25.0,20.43,52.43,1800
07/16/2024 17:00,Well 1,238.19,81.2,25.0,20.43,55.21,1800
07/16/2024 18:00,Well 1,227.9,79.64,25.0,21.55,50.0,1800
07/16/2024 19:00,Well 1,234.08,81.01,25.0,20.76,53.3,1800
07/16/2024 20:00,Well 1,236.38,77.53,25.0,20.68,51.69,1800
07/16/2024 21:00,Well 1,239.4,77.62,25.0,20.4,53.13,1800
07/16/2024 22:00,Well 1,239.93,77.23,25.0,21.45,50.39,1800
07/16/2024 23:00,Well 1,239.46,77.26,25.0,20.1,53.7,1800
07/17/2024 00:00,Well 1,234.51,80.74,25.0,20.73,53.29,1800
07/17/2024 01:00,Well 1,242.68,82.39,25.0,19.88,58.66,1800
07/17/2024 02:00,Well 1,237.91,80.51,25.0,21.08,53.01,1800
07/17/2024 03:00,Well 1,241.61,79.78,25.0,20.85,53.93,1800
07/17/2024 04:00,Well 1,229.78,83.14,25.0,20.66,53.94,1800
07/17/2024 05:00,Well 1,241.92,82.11,25.0,20.41,56.77,1800
07/17/2024 06:00,Well 1,224.84,81.49,25.0,21.09,50.69,1800
07/17/2024 07:00,Well 1,240.36,82.97,25.0,20.09,57.91,1800
07/17/2024 08:00,Well 1,238.34,79.56,25.0,20.73,53.37,1800
07/17/2024 09:00,Well 1,238.61,77.86,25.0,20.49,52.89,1800
07/17/2024 10:00,Well 1,237.76,80.94,25.0,20.63,54.42,1800
07/17/2024 11:00,Well 1,240.56,77.63,25.0,20.29,53.69,1800
07/17/2024 12:00,Well 1,226.48,81.54,25.0,21.06,51.15,1800
07/17/2024 13:00,Well 1,229.22,81.63,25.0,21.23,51.41,1800
07/17/2024 14:00,Well 1,236.38,77.17,25.0,20.84,51.06,1800
07/17/2024 15:00,Well 1,236.35,77.75,25.0,21.94,50.0,1800
07/17/2024 16:00,Well 1,237.26,78.75,25.0,20.66,52.75,1800
07/17/2024 17:00,Well 1,240.06,80.97,25.0,20.25,55.98,1800
07/17/2024 18:00,Well 1,238.47,83.5,25.0,20.37,57.02,1800
07/17/2024 19:00,Well 1,235.74,81.04,25.0,20.67,53.91,1800
07/17/2024 20:00,Well 1,238.04,81.05,25.0,21.38,52.64,1800
07/17/2024 21:00,Well 1,232.23,82.74,25.0,21.36,52.48,1800
07/17/2024 22:00,Well 1,222.72,79.43,25.0,20.54,50.23,1800
07/17/2024 23:00,Well 1,230.16,78.26,25.0,20.5,51.25,1800
07/18/2024 00:00,Well 1,236.82,81.18,25.0,20.9,53.66,1800
07/18/2024 01:00,Well 1,243.45,78.89,25.0,20.66,54.23,1800
07/18/2024 02:00,Well 1,244.74,76.66,25.0,21.18,51.66,1800
07/18/2024 03:00,Well 1,229.07,78.39,25.0,20.98,50.0,1800
07/18/2024 04:00,Well 1,230.87,80.64,25.0,20.36,53.34,1800
07/18/2024 05:00,Well 1,232.59,77.68,25.0,20.65,51.05,1800
07/18/2024 06:00,Well 1,240.12,78.96,25.0,21.63,51.13,1800
07/18/2024 07:00,Well 1,231.37,77.23,25.0,21.39,50.0,1800
07/18/2024 08:00,Well 1,231.13,81.53,25.0,21.15,51.97,1800
07/18/2024 09:00,Well 1,232.34,79.73,25.0,21.07,51.28,1800
07/18/2024 10:00,Well 1,231.34,82.4,25.0,21.91,50.75,1800
07/18/2024 11:00,Well 1,237.25,82.06,25.0,21.31,53.29,1800
07/18/2024 12:00,Well 1,223.99,81.83,25.0,20.89,51.17,1800
07/18/2024 13:00,Well 1,224.72,83.19,25.0,20.73,52.61,1800
07/18/2024 14:00,Well 1,239.26,83.45,25.0,20.62,56.49,1800
07/18/2024 15:00,Well 1,235.47,78.93,25.0,20.73,52.29,1800
07/18/2024 16:00,Well 1,229.72,81.15,25.0,20.88,52.09,1800
07/18/2024 17:00,Well 1,241.66,79.99,25.0,20.46,55.1,1800
07/18/2024 18:00,Well 1,230.09,83.74,25.0,21.45,52.4,1800
07/18/2024 19:00,Well 1,227.76,82.32,25.0,21.66,50.5,1800
07/18/2024 20:00,Well 1,231.61,79.89,25.0,21.86,50.0,1800
07/18/2024 21:00,Well 1,231.94,77.73,25.0,21.34,50.0,1800
07/18/2024 22:00,Well 1,239.13,80.57,25.0,20.81,54.01,1800
07/18/2024 23:00,Well 1,229.47,82.12,25.0,20.09,54.73,1800
07/19/2024 00:00,Well 1,229.96,79.31,25.0,20.62,51.6,1800
07/19/2024 01:00,Well 1,232.07,81.01,25.0,21.1,51.98,1800
07/19/2024 02:00,Well 1,233.6,80.33,25.0,20.95,52.24,1800
07/19/2024 03:00,Well 1,235.39,82.21,25.0,21.2,53.24,1800
07/19/2024 04:00,Well 1,237.27,82.92,25.0,21.04,54.54,1800
07/19/2024 05:00,Well 1,226.51,81.58,25.0,21.0,51.33,1800
07/19/2024 06:00,Well 1,230.72,82.54,25.0,21.5,51.67,1800
07/19/2024 07:00,Well 1,231.68,81.62,25.0,20.71,53.26,1800
07/19/2024 08:00,Well 1,232.04,82.97,25.0,20.88,53.8,1800
07/19/2024 09:00,Well 1,220.17,82.9,25.0,21.49,50.0,1800
07/19/2024 10:00,Well 1,234.33,81.83,25.0,20.16,55.47,1800
07/19/2024 11:00,Well 1,233.21,83.07,25.0,20.54,55.01,1800
07/19/2024 12:00,Well 1,231.18,80.89,25.0,20.83,52.37,1800
07/19/2024 13:00,Well 1,228.9,79.71,25.0,20.87,51.0,1800
07/19/2024 14:00,Well 1,232.67,85.56,25.0,21.67,53.59,1800
07/19/2024 15:00,Well 1,231.5,79.18,25.0,20.83,51.33,1800
07/19/2024 16:00,Well 1,230.48,80.69,25.0,21.11,51.4,1800
07/19/2024 17:00,Well 1,232.83,80.41,25.0,21.4,51.04,1800
07/19/2024 18:00,Well 1,234.72,83.45,25.0,21.05,54.29,1800
07/19/2024 19:00,Well 1,232.27,82.62,25.0,20.91,53.52,1800
07/19/2024 20:00,Well 1,227.53,80.53,25.0,21.24,50.32,1800
07/19/2024 21:00,Well 1,227.45,80.33,25.0,21.26,50.13,1800
07/19/2024 22:00,Well 1,238.47,83.98,25.0,20.6,56.72,1800
07/19/2024 23:00,Well 1,229.52,84.67,25.0,20.37,55.65,1800
07/20/2024 00:00,Well 1,223.07,82.55,25.0,20.95,51.28,1800
07/20/2024 01:00,Well 1,225.98,81.73,25.0,21.03,51.23,1800
07/20/2024 02:00,Well 1,232.2,83.5,25.0,21.95,51.53,1800
07/20/2024 03:00,Well 1,233.2,86.01,25.0,21.55,54.3,1800
07/20/2024 04:00,Well 1,229.5,79.73,25.0,21.44,50.0,1800
07/20/2024 05:00,Well 1,226.09,84.49,25.0,20.77,53.64,1800
07/20/2024 06:00,Well 1,230.43,81.49,25.0,20.79,52.69,1800
07/20/2024 07:00,Well 1,238.21,83.99,25.0,21.2,55.06,1800
07/20/2024 08:00,Well 1,226.04,84.78,25.0,21.52,51.96,1800
07/20/2024 09:00,Well 1,230.35,83.22,25.0,21.29,52.53,1800
07/20/2024 10:00,Well 1,229.48,84.22,25.0,21.18,53.23,1800
07/20/2024 11:00,Well 1,236.38,84.18,25.0,21.36,54.35,1800
07/20/2024 12:00,Well 1,229.04,83.53,25.0,21.33,52.32,1800
07/20/2024 13:00,Well 1,236.72,84.25,25.0,20.95,55.54,1800
07/20/2024 14:00,Well 1,227.72,88.72,25.0,21.33,55.25,1800
07/20/2024 15:00,Well 1,219.19,83.15,25.0,21.44,50.0,1800
07/20/2024 16:00,Well 1,232.01,81.53,25.0,21.38,51.62,1800
07/20/2024 17:00,Well 1,232.87,83.4,25.0,20.52,55.22,1800
07/20/2024 18:00,Well 1,227.32,83.6,25.0,21.14,52.44,1800
07/20/2024 19:00,Well 1,228.2,79.7,25.0,21.34,50.0,1800
07/20/2024 20:00,Well 1,226.11,81.25,25.0,21.72,50.0,1800
07/20/2024 21:00,Well 1,231.87,86.16,25.0,22.17,52.57,1800
07/20/2024 22:00,Well 1,229.25,81.16,25.0,21.08,51.49,1800
07/20/2024 23:00,Well 1,232.41,81.17,25.0,20.9,52.66,1800
07/21/2024 00:00,Well 1,226.97,82.31,25.0,21.68,50.26,1800
07/21/2024 01:00,Well 1,225.94,85.14,25.0,21.38,52.49,1800
07/21/2024 02:00,Well 1,227.84,83.27,25.0,21.57,51.3,1800
07/21/2024 03:00,Well 1,224.62,83.25,25.0,21.41,50.96,1800
07/21/2024 04:00,Well 1,228.3,81.15,25.0,21.58,50.09,1800
07/21/2024 05:00,Well 1,231.79,80.7,25.0,21.74,50.18,1800
07/21/2024 06:00,Well 1,219.77,84.72,25.0,21.69,50.07,1800
07/21/2024 07:00,Well 1,233.69,83.73,25.0,21.8,52.36,1800
07/21/2024 08:00,Well 1,235.34,80.04,25.0,21.22,51.78,1800
07/21/2024 09:00,Well 1,231.09,81.25,25.0,20.94,52.3,1800
07/21/2024 10:00,Well 1,228.31,82.05,25.0,20.83,52.47,1800
07/21/2024 11:00,Well 1,225.89,86.87,25.0,21.21,53.98,1800
07/21/2024 12:00,Well 1,219.75,82.81,25.0,21.29,50.0,1800
07/21/2024 13:00,Well 1,221.22,83.84,25.0,21.29,50.81,1800
07/21/2024 14:00,Well 1,230.8,85.09,25.0,21.47,53.36,1800
07/21/2024 15:00,Well 1,224.4,81.3,25.0,21.98,50.0,1800
07/21/2024 16:00,Well 1,220.33,80.92,25.0,20.57,50.57,1800
07/21/2024 17:00,Well 1,226.41,80.85,25.0,21.62,50.0,1800
07/21/2024 18:00,Well 1,229.73,84.84,25.0,20.9,54.4,1800
07/21/2024 19:00,Well 1,230.15,82.11,25.0,21.35,51.63,1800
07/21/2024 20:00,Well 1,225.22,84.43,25.0,21.11,52.53,1800
07/21/2024 21:00,Well 1,212.53,85.01,25.0,22.19,50.0,1800
07/21/2024 22:00,Well 1,221.28,81.89,25.0,21.12,50.04,1800
07/21/2024 23:00,Well 1,224.67,84.44,25.0,21.2,52.2,1800
07/22/2024 00:00,Well 1,220.96,83.03,25.0,21.14,50.64,1800
07/22/2024 01:00,Well 1,228.43,84.72,25.0,21.37,52.82,1800
07/22/2024 02:00,Well 1,229.06,83.75,25.0,22.03,50.79,1800
07/22/2024 03:00,Well 1,225.74,88.23,25.0,21.58,53.85,1800
07/22/2024 04:00,Well 1,224.54,84.8,25.0,21.7,51.19,1800
07/22/2024 05:00,Well 1,223.02,81.71,25.0,21.3,50.0,1800
07/22/2024 06:00,Well 1,224.05,83.51,25.0,21.56,50.62,1800
07/22/2024 07:00,Well 1,229.29,82.18,25.0,21.77,50.49,1800
07/22/2024 08:00,Well 1,225.85,84.31,25.0,20.56,54.02,1800
07/22/2024 09:00,Well 1,227.8,84.77,25.0,21.91,51.42,1800
07/22/2024 10:00,Well 1,229.22,85.19,25.0,21.03,54.18,1800
07/22/2024 11:00,Well 1,225.08,84.0,25.0,21.02,52.48,1800
07/22/2024 12:00,Well 1,227.85,82.27,25.0,22.08,50.0,1800
07/22/2024 13:00,Well 1,230.61,84.24,25.0,20.94,54.12,1800
07/22/2024 14:00,Well 1,224.27,82.73,25.0,20.91,51.76,1800
07/22/2024 15:00,Well 1,232.33,83.86,25.0,21.18,53.67,1800
07/22/2024 16:00,Well 1,228.07,85.56,25.0,22.26,51.14,1800
07/22/2024 17:00,Well 1,232.11,84.41,25.0,21.46,53.25,1800
07/22/2024 18:00,Well 1,213.84,83.67,25.0,22.19,50.0,1800
07/22/2024 19:00,Well 1,221.83,82.72,25.0,21.7,50.0,1800
07/22/2024 20:00,Well 1,228.53,86.88,25.0,21.01,55.13,1800
07/22/2024 21:00,Well 1,217.62,84.71,25.0,21.91,50.0,1800
07/22/2024 22:00,Well 1,215.09,84.2,25.0,21.56,50.0,1800
07/22/2024 23:00,Well 1,227.55,86.21,25.0,22.09,51.81,1800
07/23/2024 00:00,Well 1,225.18,84.31,25.0,20.89,53.01,1800
07/23/2024 01:00,Well 1,226.01,84.37,25.0,21.92,50.74,1800
07/23/2024 02:00,Well 1,226.89,84.35,25.0,21.22,52.6,1800
07/23/2024 03:00,Well 1,218.34,83.96,25.0,21.25,50.33,1800
07/23/2024 04:00,Well 1,218.58,85.95,25.0,21.4,51.2,1800
07/23/2024 05:00,Well 1,216.43,85.73,25.0,22.15,50.0,1800
07/23/2024 06:00,Well 1,221.19,85.25,25.0,21.64,50.83,1800
07/23/2024 07:00,Well 1,216.79,86.29,25.0,21.63,50.44,1800
07/23/2024 08:00,Well 1,214.63,83.57,25.0,21.51,50.0,1800
07/23/2024 09:00,Well 1,218.67,81.11,25.0,21.64,50.0,1800
07/23/2024 10:00,Well 1,224.51,87.63,25.0,21.8,52.65,1800
07/23/2024 11:00,Well 1,222.06,78.5,25.0,21.49,50.0,1800
07/23/2024 12:00,Well 1,222.48,80.41,25.0,22.09,50.0,1800
07/23/2024 13:00,Well 1,216.75,83.15,25.0,21.65,50.0,1800
07/23/2024 14:00,Well 1,211.93,85.76,25.0,20.87,50.79,1800
07/23/2024 15:00,Well 1,219.75,83.96,25.0,21.95,50.0,1800
07/23/2024 16:00,Well 1,222.48,88.21,25.0,21.62,52.94,1800
07/23/2024 17:00,Well 1,220.99,85.17,25.0,21.01,52.26,1800
07/23/2024 18:00,Well 1,229.46,81.35,25.0,21.73,50.1,1800
07/23/2024 19:00,Well 1,212.15,86.15,25.0,21.64,50.0,1800
07/23/2024 20:00,Well 1,222.31,83.8,25.0,22.69,50.0,1800
07/23/2024 21:00,Well 1,225.21,81.82,25.0,21.6,50.0,1800
07/23/2024 22:00,Well 1,218.89,83.58,25.0,21.21,50.32,1800
07/23/2024 23:00,Well 1,208.58,82.6,25.0,21.97,50.0,1800
07/24/2024 00:00,Well 1,233.55,84.15,25.0,21.78,52.65,1800
07/24/2024 01:00,Well 1,212.61,86.26,25.0,21.42,50.0,1800
07/24/2024 02:00,Well 1,225.71,83.37,25.0,21.43,51.22,1800
07/24/2024 03:00,Well 1,216.53,87.91,25.0,21.65,51.29,1800
07/24/2024 04:00,Well 1,218.28,84.13,25.0,21.86,50.0,1800
07/24/2024 05:00,Well 1,214.26,86.07,25.0,21.92,50.0,1800
07/24/2024 06:00,Well 1,216.66,85.76,25.0,21.8,50.0,1800
07/24/2024 07:00,Well 1,214.47,86.89,25.0,21.94,50.0,1800
07/24/2024 08:00,Well 1,219.35,83.49,25.0,21.29,50.18,1800
07/24/2024 09:00,Well 1,221.51,90.07,25.0,21.92,53.11,1800
07/24/2024 10:00,Well 1,210.11,85.68,25.0,22.21,50.0,1800
07/24/2024 11:00,Well 1,220.23,87.37,25.0,22.09,50.82,1800
07/24/2024 12:00,Well 1,211.56,84.97,25.0,22.1,50.0,1800
07/24/2024 13:00,Well 1,216.38,85.46,25.0,21.56,50.04,1800
07/24/2024 14:00,Well 1,224.3,84.78,25.0,21.93,50.59,1800
07/24/2024 15:00,Well 1,212.63,86.44,25.0,21.79,50.0,1800
07/24/2024 16:00,Well 1,220.27,85.8,25.0,22.44,50.0,1800
07/24/2024 17:00,Well 1,219.75,84.8,25.0,21.57,50.39,1800
07/24/2024 18:00,Well 1,213.36,87.85,25.0,21.25,51.45,1800
07/24/2024 19:00,Well 1,221.5,88.14,25.0,21.59,52.76,1800
07/24/2024 20:00,Well 1,221.03,85.0,25.0,22.21,50.0,1800
07/24/2024 21:00,Well 1,211.58,85.75,25.0,22.26,50.0,1800
07/24/2024 22:00,Well 1,216.51,87.81,25.0,21.73,51.04,1800
07/24/2024 23:00,Well 1,213.5,89.2,25.0,21.66,51.29,1800
07/25/2024 00:00,Well 1,214.02,87.7,25.0,21.54,50.82,1800
07/25/2024 01:00,Well 1,214.1,85.34,25.0,21.69,50.0,1800
07/25/2024 02:00,Well 1,218.98,88.56,25.0,21.93,51.58,1800
07/25/2024 03:00,Well 1,217.23,86.29,25.0,22.54,50.0,1800
07/25/2024 04:00,Well 1,212.65,89.86,25.0,21.85,51.0,1800
07/25/2024 05:00,Well 1,221.51,86.61,25.0,21.18,52.83,1800
07/25/2024 06:00,Well 1,221.81,86.74,25.0,22.4,50.1,1800
07/25/2024 07:00,Well 1,220.51,84.88,25.0,21.49,50.8,1800
07/25/2024 08:00,Well 1,218.59,87.84,25.0,20.94,53.48,1800
07/25/2024 09:00,Well 1,207.17,87.46,25.0,21.81,50.0,1800
07/25/2024 10:00,Well 1,205.25,86.39,25.0,22.09,50.0,1800
07/25/2024 11:00,Well 1,215.47,85.57,25.0,21.53,50.0,1800
07/25/2024 12:00,Well 1,213.17,87.85,25.0,22.39,50.0,1800
07/25/2024 13:00,Well 1,219.51,85.34,25.0,22.93,50.0,1800
07/25/2024 14:00,Well 1,210.2,84.49,25.0,22.29,50.0,1800
07/25/2024 15:00,Well 1,211.69,89.66,25.0,22.46,50.0,1800
07/25/2024 16:00,Well 1,212.72,85.82,25.0,21.74,50.0,1800
07/25/2024 17:00,Well 1,209.72,84.58,25.0,22.41,50.0,1800
07/25/2024 18:00,Well 1,209.68,88.19,25.0,22.19,50.0,1800
07/25/2024 19:00,Well 1,213.22,85.63,25.0,22.1,50.0,1800
07/25/2024 20:00,Well 1,215.88,87.37,25.0,22.36,50.0,1800
07/25/2024 21:00,Well 1,216.95,86.26,25.0,22.11,50.0,1800
07/25/2024 22:00,Well 1,215.68,87.01,25.0,21.9,50.0,1800
07/25/2024 23:00,Well 1,213.14,85.9,25.0,21.56,50.0,1800
07/26/2024 00:00,Well 1,226.11,83.2,25.0,21.91,50.08,1800
07/26/2024 01:00,Well 1,210.69,88.96,25.0,21.85,50.05,1800
07/26/2024 02:00,Well 1,216.97,85.32,25.0,22.12,50.0,1800
07/26/2024 03:00,Well 1,216.59,86.84,25.0,22.51,50.0,1800
07/26/2024 04:00,Well 1,211.52,86.09,25.0,22.04,50.0,1800
07/26/2024 05:00,Well 1,212.17,85.21,25.0,22.31,50.0,1800
07/26/2024 06:00,Well 1,218.95,89.23,25.0,21.88,52.08,1800
07/26/2024 07:00,Well 1,218.73,89.79,25.0,22.23,51.53,1800
07/26/2024 08:00,Well 1,211.25,86.5,25.0,22.84,50.0,1800
07/26/2024 09:00,Well 1,209.86,87.28,25.0,22.04,50.0,1800
07/26/2024 10:00,Well 1,212.39,89.83,25.0,22.33,50.0,1800
07/26/2024 11:00,Well 1,215.28,83.56,25.0,21.5,50.0,1800
07/26/2024 12:00,Well 1,206.49,82.82,25.0,22.37,50.0,1800
07/26/2024 13:00,Well 1,215.88,87.64,25.0,21.67,50.93,1800
07/26/2024 14:00,Well 1,208.98,86.76,25.0,21.27,50.0,1800
07/26/2024 15:00,Well 1,220.57,88.83,25.0,21.5,53.15,1800
07/26/2024 16:00,Well 1,211.05,86.17,25.0,21.58,50.0,1800
07/26/2024 17:00,Well 1,211.57,86.09,25.0,22.03,50.0,1800
07/26/2024 18:00,Well 1,208.21,88.78,25.0,21.72,50.0,1800
07/26/2024 19:00,Well 1,213.57,89.26,25.0,22.23,50.03,1800
07/26/2024 20:00,Well 1,217.71,87.96,25.0,22.17,50.39,1800
07/26/2024 21:00,Well 1,208.67,86.47,25.0,22.0,50.0,1800
07/26/2024 22:00,Well 1,209.1,88.2,25.0,22.12,50.0,1800
07/26/2024 23:00,Well 1,202.22,84.87,25.0,21.63,50.0,1800
07/27/2024 00:00,Well 1,219.4,88.52,25.0,22.25,50.91,1800
07/27/2024 01:00,Well 1,210.05,86.97,25.0,22.39,50.0,1800
07/27/2024 02:00,Well 1,216.24,88.69,25.0,22.22,50.36,1800
07/27/2024 03:00,Well 1,209.26,89.7,25.0,22.71,50.0,1800
07/27/2024 04:00,Well 1,201.26,88.85,25.0,21.51,50.0,1800
07/27/2024 05:00,Well 1,208.11,87.65,25.0,22.01,50.0,1800
07/27/2024 06:00,Well 1,218.89,88.17,25.0,22.43,50.2,1800
07/27/2024 07:00,Well 1,205.12,88.55,25.0,21.88,50.0,1800
07/27/2024 08:00,Well 1,212.95,88.66,25.0,21.93,50.21,1800
07/27/2024 09:00,Well 1,207.28,85.31,25.0,22.71,50.0,1800
07/27/2024 10:00,Well 1,212.33,87.95,25.0,22.07,50.0,1800
07/27/2024 11:00,Well 1,213.7,87.98,25.0,22.04,50.0,1800
07/27/2024 12:00,Well 1,214.08,87.75,25.0,22.5,50.0,1800
07/27/2024 13:00,Well 1,211.42,87.75,25.0,22.61,50.0,1800
07/27/2024 14:00,Well 1,208.85,86.77,25.0,22.34,50.0,1800
07/27/2024 15:00,Well 1,201.6,89.31,25.0,22.17,50.0,1800
07/27/2024 16:00,Well 1,210.39,90.79,25.0,21.59,51.61,1800
07/27/2024 17:00,Well 1,219.79,90.13,25.0,21.95,52.64,1800
07/27/2024 18:00,Well 1,211.21,84.32,25.0,22.4,50.0,1800
07/27/2024 19:00,Well 1,209.56,86.78,25.0,22.11,50.0,1800
07/27/2024 20:00,Well 1,213.07,88.49,25.0,22.38,50.0,1800
07/27/2024 21:00,Well 1,211.55,88.84,25.0,22.03,50.0,1800
07/27/2024 22:00,Well 1,210.47,86.04,25.0,22.08,50.0,1800
07/27/2024 23:00,Well 1,204.53,89.14,25.0,21.46,50.0,1800
07/28/2024 00:00,Well 1,208.69,88.3,25.0,22.14,50.0,1800
07/28/2024 01:00,Well 1,206.34,87.6,25.0,22.57,50.0,1800
07/28/2024 02:00,Well 1,213.27,88.83,25.0,21.92,50.42,1800
07/28/2024 03:00,Well 1,208.03,89.96,25.0,22.23,50.0,1800
07/28/2024 04:00,Well 1,205.44,89.85,25.0,22.72,50.0,1800
07/28/2024 05:00,Well 1,201.09,88.1,25.0,21.77,50.0,1800
07/28/2024 06:00,Well 1,201.49,88.08,25.0,22.3,50.0,1800
07/28/2024 07:00,Well 1,212.58,87.7,25.0,22.35,50.0,1800
07/28/2024 08:00,Well 1,206.87,86.4,25.0,22.82,50.0,1800
07/28/2024 09:00,Well 1,218.05,85.78,25.0,22.37,50.0,1800
07/28/2024 10:00,Well 1,207.48,86.58,25.0,22.22,50.0,1800
07/28/2024 11:00,Well 1,211.52,89.17,25.0,21.89,50.27,1800
07/28/2024 12:00,Well 1,210.18,88.9,25.0,22.12,50.0,1800
07/28/2024 13:00,Well 1,209.76,88.02,25.0,22.9,50.0,1800
07/28/2024 14:00,Well 1,215.02,89.03,25.0,21.97,50.82,1800
07/28/2024 15:00,Well 1,201.65,91.35,25.0,21.65,50.0,1800
07/28/2024 16:00,Well 1,205.62,89.14,25.0,22.36,50.0,1800
07/28/2024 17:00,Well 1,203.65,88.92,25.0,22.59,50.0,1800
07/28/2024 18:00,Well 1,211.48,90.66,25.0,22.42,50.0,1800
07/28/2024 19:00,Well 1,222.41,91.54,25.0,22.83,52.03,1800
07/28/2024 20:00,Well 1,203.18,90.84,25.0,21.9,50.0,1800
07/28/2024 21:00,Well 1,202.99,87.98,25.0,22.47,50.0,1800
07/28/2024 22:00,Well 1,212.26,90.7,25.0,22.44,50.05,1800
07/28/2024 23:00,Well 1,193.07,87.25,25.0,21.89,50.0,1800
07/29/2024 00:00,Well 1,206.26,89.74,25.0,22.22,50.0,1800
07/29/2024 01:00,Well 1,211.21,92.14,25.0,21.42,52.99,1800
07/29/2024 02:00,Well 1,207.09,92.32,25.0,22.1,50.46,1800
07/29/2024 03:00,Well 1,217.63,90.31,25.0,22.67,50.58,1800
07/29/2024 04:00,Well 1,202.37,92.06,25.0,21.8,50.0,1800
07/29/2024 05:00,Well 1,200.78,87.65,25.0,21.91,50.0,1800
07/29/2024 06:00,Well 1,203.7,86.82,25.0,23.06,50.0,1800
07/29/2024 07:00,Well 1,207.23,87.98,25.0,22.48,50.0,1800
07/29/2024 08:00,Well 1,222.02,91.06,25.0,22.17,53.19,1800
07/29/2024 09:00,Well 1,207.15,90.58,25.0,22.76,50.0,1800
07/29/2024 10:00,Well 1,206.57,87.65,25.0,21.94,50.0,1800
07/29/2024 11:00,Well 1,214.02,92.5,25.0,22.1,52.24,1800
07/29/2024 12:00,Well 1,196.7,82.79,25.0,22.87,50.0,1800
07/29/2024 13:00,Well 1,202.62,87.87,25.0,22.71,50.0,1800
07/29/2024 14:00,Well 1,215.86,87.53,25.0,22.08,50.0,1800
07/29/2024 15:00,Well 1,208.29,89.49,25.0,21.66,50.2,1800
07/29/2024 16:00,Well 1,203.5,88.08,25.0,22.85,50.0,1800
07/29/2024 17:00,Well 1,201.86,91.79,25.0,22.89,50.0,1800
07/29/2024 18:00,Well 1,205.46,87.4,25.0,21.91,50.0,1800
07/29/2024 19:00,Well 1,207.99,90.87,25.0,22.39,50.0,1800
07/29/2024 20:00,Well 1,205.71,93.66,25.0,22.48,50.0,1800
07/29/2024 21:00,Well 1,203.06,87.98,25.0,22.61,50.0,1800
07/29/2024 22:00,Well 1,211.93,92.54,25.0,22.2,51.53,1800
07/29/2024 23:00,Well 1,203.98,86.57,25.0,22.57,50.0,1800
07/30/2024 00:00,Well 1,197.71,88.86,25.0,22.09,50.0,1800
07/30/2024 01:00,Well 1,212.52,91.71,25.0,22.5,50.52,1800
07/30/2024 02:00,Well 1,202.92,90.47,25.0,23.1,50.0,1800
07/30/2024 03:00,Well 1,198.36,88.41,25.0,22.8,50.0,1800
07/30/2024 04:00,Well 1,198.96,88.38,25.0,22.26,50.0,1800
07/30/2024 05:00,Well 1,213.35,89.44,25.0,22.41,50.0,1800
07/30/2024 06:00,Well 1,210.13,89.32,25.0,22.42,50.0,1800
07/30/2024 07:00,Well 1,199.67,96.46,25.0,22.55,50.0,1800
07/30/2024 08:00,Well 1,198.53,96.4,25.0,22.41,50.0,1800
07/30/2024 09:00,Well 1,198.44,89.59,25.0,22.94,50.0,1800
07/30/2024 10:00,Well 1,207.4,92.38,25.0,21.91,51.01,1800
07/30/2024 11:00,Well 1,211.11,88.36,25.0,23.55,50.0,1800
07/30/2024 12:00,Well 1,211.98,89.37,25.0,22.66,50.0,1800
07/30/2024 13:00,Well 1,215.34,92.68,25.0,22.92,50.78,1800
07/30/2024 14:00,Well 1,197.76,91.28,25.0,22.49,50.0,1800
07/30/2024 15:00,Well 1,207.27,91.3,25.0,22.44,50.0,1800
07/30/2024 16:00,Well 1,206.14,87.91,25.0,22.38,50.0,1800
07/30/2024 17:00,Well 1,198.75,89.2,25.0,22.99,50.0,1800
07/30/2024 18:00,Well 1,203.89,92.28,25.0,22.67,50.0,1800
07/30/2024 19:00,Well 1,205.45,91.87,25.0,21.95,50.15,1800
07/30/2024 20:00,Well 1,213.08,93.57,25.0,22.6,51.47,1800
07/30/2024 21:00,Well 1,202.85,89.54,25.0,22.87,50.0,1800
07/30/2024 22:00,Well 1,197.28,89.3,25.0,21.94,50.0,1800
07/30/2024 23:00,Well 1,218.11,94.0,25.0,22.44,53.3,1800
